id,home_team_api_id,away_team_api_id,home_team_goal,away_team_goal,home_chanceCreationShooting,away_chanceCreationShooting
1490,8571,9985,2,1,30,60
1499,9987,9985,3,1,56,60
1588,8573,9985,4,1,53,60
1556,10000,9985,2,3,32,60
1639,10001,9985,2,0,32,60
1649,8635,9985,3,3,47,60
1517,9986,9985,2,3,48,60
1714,9991,9985,4,1,34,60
1697,8342,9985,7,1,47,60
1675,8203,9985,4,0,50,60
1682,274581,9985,1,1,50,60
1605,9994,9985,0,2,62,60
1568,8475,9985,0,0,53,60
1511,8571,9986,2,0,30,48
1698,9987,9986,2,0,56,48
1660,8573,9986,2,1,53,48
1628,10000,9986,2,3,32,48
1592,10001,9986,2,1,32,48
1609,8635,9986,2,1,47,48
1539,9991,9986,1,3,34,48
1561,8342,9986,2,1,47,48
1642,9985,9986,3,0,60,48
1723,8203,9986,0,1,50,48
1549,274581,9986,0,1,50,48
1582,9994,9986,2,2,62,48
1528,8475,9986,0,1,53,48
1527,8571,8635,1,1,30,47
1563,9987,8635,0,0,56,47
1686,8573,8635,3,1,53,47
1508,10000,8635,0,4,32,47
1704,10001,8635,0,3,32,47
1718,9986,8635,1,1,48,47
1602,9991,8635,2,0,34,47
1585,8342,8635,1,4,47,47
1538,9985,8635,1,0,60,47
1627,8203,8635,2,2,50,47
1661,274581,8635,2,1,50,47
1550,9994,8635,1,1,62,47
1648,8475,8635,1,0,53,47
1543,8571,8203,1,0,30,50
1715,9987,8203,3,1,56,50
1492,8573,8203,3,1,53,50
1644,10000,8203,2,3,32,50
1608,10001,8203,3,2,32,50
1497,8635,8203,1,1,47,50
1621,9986,8203,3,2,48,50
1699,9991,8203,2,2,34,50
1578,8342,8203,3,0,47,50
1522,9985,8203,2,1,60,50
1565,274581,8203,2,3,50,50
1683,9994,8203,2,0,62,50
1664,8475,8203,0,0,53,50
1557,8571,8475,3,1,30,53
1635,9987,8475,6,1,56,53
1604,8573,8475,3,3,53,53
1572,10000,8475,2,1,32,53
1679,10001,8475,1,0,32,53
1495,8635,8475,3,2,47,53
1653,9986,8475,2,3,48,53
1618,9991,8475,2,1,34,53
1713,8342,8475,5,1,47,53
1672,9985,8475,1,0,60,53
1531,8203,8475,2,0,50,53
1589,274581,8475,0,1,50,53
1701,9994,8475,1,2,62,53
1573,8571,274581,1,3,30,50
1515,9987,274581,0,4,56,50
1620,8573,274581,3,3,53,50
1676,10000,274581,3,0,32,50
1655,10001,274581,2,2,32,50
1529,8635,274581,2,0,47,50
1496,9986,274581,2,1,48,50
1634,9991,274581,2,0,34,50
1601,8342,274581,3,0,47,50
1594,9985,274581,3,0,60,50
1669,8203,274581,3,1,50,50
1717,9994,274581,1,2,62,50
1695,8475,274581,3,3,53,50
1597,8571,8342,1,4,30,47
1651,9987,8342,3,2,56,47
1636,8573,8342,0,2,53,47
1692,10000,8342,2,0,32,47
1535,10001,8342,0,2,32,47
1513,8635,8342,3,1,47,47
1671,9986,8342,0,0,48,47
1498,9991,8342,4,1,34,47
1570,9985,8342,2,0,60,47
1555,8203,8342,1,4,50,47
1709,274581,8342,2,1,50,47
1726,9994,8342,0,1,62,47
1615,8475,8342,1,2,53,47
1614,8571,8573,2,1,30,53
1674,9987,8573,4,1,56,53
1596,10000,8573,1,0,32,53
1559,10001,8573,0,1,32,53
1569,8635,8573,1,1,47,53
1533,9986,8573,1,1,48,53
1514,9991,8573,2,2,34,53
1505,8342,8573,1,0,47,53
1690,9985,8573,1,2,60,53
1548,8203,8573,2,1,50,53
1725,274581,8573,2,2,50,53
1630,9994,8573,0,1,62,53
1711,8475,8573,1,5,53,53
1631,8571,10001,1,1,30,32
1685,9987,10001,2,1,56,32
1580,8573,10001,2,1,53,32
1724,10000,10001,4,2,32,32
1593,8635,10001,2,1,47,32
1694,9986,10001,0,0,48,32
1547,9991,10001,5,0,34,32
1641,8342,10001,6,0,47,32
1506,9985,10001,1,2,60,32
1707,8203,10001,2,2,50,32
1525,274581,10001,2,2,50,32
1662,9994,10001,2,1,62,32
1544,8475,10001,2,2,53,32
1663,8571,10000,1,0,30,32
1603,9987,10000,2,1,56,32
1703,8573,10000,0,2,53,32
1623,10001,10000,1,2,32,32
1633,8635,10000,3,0,47,32
1501,9986,10000,3,0,48,32
1562,9991,10000,2,2,34,32
1545,8342,10000,3,0,47,32
1583,9985,10000,2,1,60,32
1516,8203,10000,3,4,50,32
1541,274581,10000,2,2,50,32
1590,9994,10000,1,1,62,32
1684,8475,10000,2,1,53,32
1666,8571,9994,0,0,30,62
1530,9987,9994,0,2,56,62
1500,8573,9994,2,0,53,62
1493,10000,9994,3,1,32,62
1519,10001,9994,1,2,32,62
1689,8635,9994,1,0,47,62
1558,9986,9994,1,2,48,62
1650,9991,9994,3,1,34,62
1617,8342,9994,2,1,47,62
1706,9985,9994,0,1,60,62
1571,8203,9994,1,1,50,62
1613,274581,9994,1,1,50,62
1599,8475,9994,2,3,53,62
1693,8571,9991,0,0,30,34
1554,9987,9991,0,1,56,34
1643,8573,9991,5,2,53,34
1708,10000,9991,1,1,32,34
1494,10001,9991,1,1,32,34
1670,8635,9991,1,1,47,34
1677,9986,9991,1,1,48,34
1625,8342,9991,1,0,47,34
1610,9985,9991,0,3,60,34
1595,8203,9991,2,0,50,34
1509,274581,9991,1,2,50,34
1526,9994,9991,1,2,62,34
1728,8475,9991,1,3,53,34
1727,8571,9987,1,0,30,56
1523,8573,9987,3,2,53,56
1665,10000,9987,0,0,32,56
1575,10001,9987,0,0,32,56
1705,8635,9987,0,0,47,56
1598,9986,9987,1,0,48,56
1577,9991,9987,1,0,34,56
1537,8342,9987,1,0,47,56
1658,9985,9987,2,1,60,56
1611,8203,9987,1,1,50,56
1629,274581,9987,0,1,50,56
1646,9994,9987,0,0,62,56
1512,8475,9987,0,1,53,56
1619,9987,8571,1,0,56,30
1716,8573,8571,1,0,53,30
1532,10000,8571,2,2,32,30
1503,10001,8571,1,1,32,30
1673,8635,8571,3,0,47,30
1637,9986,8571,1,1,48,30
1586,9991,8571,3,0,34,30
1681,8342,8571,2,1,47,30
1546,9985,8571,1,1,60,30
1652,8203,8571,0,2,50,30
1702,274581,8571,0,1,50,30
1566,9994,8571,3,1,62,30
1579,8475,8571,2,1,53,30
4389,9825,8654,0,2,46,29
4520,8678,8654,1,3,47,29
4629,8455,8654,2,2,44,29
4601,8668,8654,2,3,63,29
4663,8197,8654,2,2,46,29
4452,10260,8654,0,0,40,29
4534,10261,8654,2,1,46,29
4576,9850,8654,2,2,47,29
4705,10194,8654,2,1,49,29
4688,8659,8654,0,3,60,29
4479,10252,8654,1,1,38,29
4712,8650,8654,0,3,46,29
4757,8472,8654,2,2,55,29
4760,9826,8654,1,3,50,29
4733,8456,8654,1,2,24,29
4565,8466,8654,1,0,30,29
4476,10003,8654,0,0,55,29
4436,8586,8654,4,1,63,29
4417,9817,8654,2,0,45,29
4399,9825,8668,2,1,46,63
4440,8678,8668,3,3,47,63
4531,8455,8668,3,3,44,63
4692,8197,8668,3,1,46,63
4644,10260,8668,1,0,40,63
4484,10261,8668,0,1,46,63
4465,9850,8668,1,1,47,63
4566,10194,8668,0,3,49,63
4747,8659,8668,2,3,60,63
4590,10252,8668,1,3,38,63
4580,8650,8668,4,0,46,63
4627,8472,8668,3,0,55,63
4428,8654,8668,1,1,29,63
4671,9826,8668,0,0,50,63
4524,8456,8668,0,0,24,63
4503,8466,8668,0,3,30,63
4737,10003,8668,0,0,55,63
4718,8586,8668,0,0,63,63
4657,9817,8668,1,1,45,63
4419,9825,8586,1,1,46,63
4401,8678,8586,1,5,47,63
4680,8455,8586,2,2,44,63
4511,8668,8586,1,1,63,63
4612,8197,8586,1,1,46,63
4394,10260,8586,1,0,40,63
4703,10261,8586,5,1,46,63
4551,9850,8586,0,3,47,63
4667,10194,8586,0,4,49,63
4458,8659,8586,1,1,60,63
4620,10252,8586,0,2,38,63
4643,8650,8586,1,1,46,63
4725,8472,8586,0,1,55,63
4595,8654,8586,1,0,29,63
4540,9826,8586,1,3,50,63
4575,8456,8586,1,2,24,63
4474,8466,8586,0,2,30,63
4758,10003,8586,2,2,55,63
4496,9817,8586,1,2,45,63
4449,9825,8472,3,1,46,55
4730,8678,8472,2,0,47,55
4470,8455,8472,3,1,44,55
4411,8668,8472,6,2,63,55
4393,8197,8472,4,2,46,55
4741,10260,8472,3,0,40,55
4633,10261,8472,1,1,46,55
4666,9850,8472,0,3,47,55
4685,10194,8472,1,1,49,55
4768,8659,8472,1,0,60,55
4709,10252,8472,2,2,38,55
4562,8650,8472,2,2,46,55
4588,8654,8472,1,0,29,55
4430,9826,8472,0,1,50,55
4483,8456,8472,4,1,24,55
4604,8466,8472,1,1,30,55
4521,10003,8472,2,4,55,55
4538,8586,8472,4,1,63,55
4707,9817,8472,2,2,45,55
4469,9825,8456,2,1,46,24
4641,8678,8456,0,4,47,24
4661,8455,8456,0,3,44,24
4611,8668,8456,0,2,63,24
4492,8197,8456,0,0,46,24
4404,10260,8456,0,0,40,24
4582,10261,8456,1,1,46,24
4625,9850,8456,0,0,47,24
4455,10194,8456,2,0,49,24
4398,8659,8456,0,3,60,24
4420,10252,8456,0,0,38,24
4596,8650,8456,3,0,46,24
4552,8472,8456,0,1,55,24
4548,8654,8456,2,2,29,24
4720,9826,8456,0,1,50,24
4684,8466,8456,4,2,30,24
4706,10003,8456,1,1,55,24
4745,8586,8456,4,1,63,24
4516,9817,8456,1,2,45,24
4489,9825,8678,2,0,46,47
4450,8455,8678,0,1,44,47
4681,8668,8678,2,1,63,47
4512,8197,8678,0,0,46,47
4702,10260,8678,3,1,40,47
4603,10261,8678,1,3,46,47
4724,9850,8678,3,1,47,47
4744,10194,8678,2,1,49,47
4478,8659,8678,1,2,60,47
4649,10252,8678,1,2,38,47
4501,8650,8678,1,0,46,47
4545,8472,8678,1,1,55,47
4618,8654,8678,3,4,29,47
4555,9826,8678,1,2,50,47
4762,8456,8678,5,1,24,47
4414,8466,8678,2,0,30,47
4435,10003,8678,2,2,55,47
4636,8586,8678,3,0,63,47
4586,9817,8678,0,0,45,47
4509,9825,10261,1,0,46,46
4421,8678,10261,0,1,47,46
4572,8455,10261,5,1,44,46
4558,8668,10261,3,0,63,46
4622,8197,10261,1,0,46,46
4613,10260,10261,0,0,40,46
4645,9850,10261,3,2,47,46
4598,10194,10261,1,0,49,46
4497,8659,10261,1,0,60,46
4689,10252,10261,0,0,38,46
4673,8650,10261,2,2,46,46
4407,8472,10261,3,0,55,46
4728,8654,10261,2,0,29,46
4441,9826,10261,5,1,50,46
4755,8456,10261,6,1,24,46
4653,8466,10261,3,1,30,46
4505,10003,10261,2,0,55,46
4467,8586,10261,1,2,63,46
4546,9817,10261,2,1,45,46
4539,9825,8455,0,1,46,44
4670,8678,8455,1,4,47,44
4721,8668,8455,3,1,63,44
4462,8197,8455,2,1,46,44
4493,10260,8455,0,0,40,44
4742,10261,8455,2,2,46,44
4593,9850,8455,1,2,47,44
4426,10194,8455,1,0,49,44
4617,8659,8455,2,3,60,44
4640,10252,8455,0,4,38,44
4623,8650,8455,1,1,46,44
4696,8472,8455,3,2,55,44
4408,8654,8455,2,1,29,44
4510,9826,8455,0,3,50,44
4502,8456,8455,3,0,24,44
4583,8466,8455,1,2,30,44
4655,10003,8455,1,0,55,44
4447,8586,8455,0,0,63,44
4553,9817,8455,0,0,45,44
4549,9825,8466,0,0,46,30
4591,8678,8466,2,0,47,30
4752,8455,8466,1,3,44,30
4662,8668,8466,1,1,63,30
4642,8197,8466,1,0,46,30
4543,10260,8466,0,1,40,30
4395,10261,8466,2,2,46,30
4514,9850,8466,1,0,47,30
4626,10194,8466,1,2,49,30
4727,8659,8466,0,0,60,30
4669,10252,8466,2,4,38,30
4403,8650,8466,1,1,46,30
4427,8472,8466,0,1,55,30
4498,8654,8466,2,1,29,30
4461,9826,8466,1,0,50,30
4444,8456,8466,3,1,24,30
4578,10003,8466,0,1,55,30
4697,8586,8466,1,2,63,30
4616,9817,8466,0,0,45,30
4569,9825,8197,2,1,46,46
4710,8678,8197,1,1,47,46
4700,8455,8197,1,1,44,46
4471,8668,8197,2,3,63,46
4682,10260,8197,1,1,40,46
4433,10261,8197,0,3,46,46
4756,9850,8197,1,2,47,46
4736,10194,8197,2,2,49,46
4418,8659,8197,2,3,60,46
4529,10252,8197,1,1,38,46
4482,8650,8197,1,0,46,46
4654,8472,8197,0,2,55,46
4508,8654,8197,1,2,29,46
4630,9826,8197,0,1,50,46
4563,8456,8197,1,3,24,46
4764,8466,8197,2,2,30,46
4456,10003,8197,0,3,55,46
4528,8586,8197,0,1,63,46
4607,9817,8197,0,1,45,46
4589,9825,10003,1,2,46,55
4621,8678,10003,3,2,47,55
4391,8455,10003,2,2,44,55
4541,8668,10003,1,2,63,55
4672,8197,10003,4,0,46,55
4513,10260,10003,2,1,40,55
4665,10261,10003,3,0,46,55
4425,9850,10003,1,0,47,55
4646,10194,10003,2,2,49,55
4557,8659,10003,1,1,60,55
4400,10252,10003,1,2,38,55
4443,8650,10003,1,0,46,55
4615,8472,10003,1,1,55,55
4698,8654,10003,1,4,29,55
4490,9826,10003,0,0,50,55
4464,8456,10003,2,1,24,55
4743,8466,10003,3,1,30,55
4585,8586,10003,2,1,63,55
4726,9817,10003,1,0,45,55
4609,9825,8650,0,0,46,46
4660,8678,8650,1,2,47,46
4409,8455,8650,1,3,44,46
4754,8668,8650,1,1,63,46
4550,8197,8650,2,0,46,46
4723,10260,8650,3,1,40,46
4453,10261,8650,2,0,46,46
4544,9850,8650,4,5,47,46
4397,10194,8650,0,1,49,46
4708,8659,8650,1,1,60,46
4570,10252,8650,0,6,38,46
4495,8472,8650,0,1,55,46
4518,8654,8650,2,0,29,46
4600,9826,8650,1,2,50,46
4432,8456,8650,1,4,24,46
4634,8466,8650,3,2,30,46
4686,10003,8650,3,1,55,46
4766,8586,8650,0,0,63,46
4477,9817,8650,3,0,45,46
4619,9825,8659,2,0,46,60
4690,8678,8659,1,1,47,60
4523,8455,8659,2,2,44,60
4574,8668,8659,0,1,63,60
4592,8197,8659,2,2,46,60
4424,10260,8659,2,0,40,60
4564,10261,8659,1,0,46,60
4405,9850,8659,0,1,47,60
4716,10194,8659,0,1,49,60
4729,10252,8659,0,1,38,60
4463,8650,8659,2,2,46,60
4647,8472,8659,0,0,55,60
4448,8654,8659,1,1,29,60
4753,9826,8659,2,0,50,60
4652,8456,8659,2,1,24,60
4535,8466,8659,3,0,30,60
4487,10003,8659,1,0,55,60
4677,8586,8659,1,1,63,60
4507,9817,8659,0,0,45,60
4639,9825,9817,4,0,46,45
4751,8678,9817,1,1,47,45
4481,8455,9817,2,2,44,45
4392,8668,9817,2,2,63,45
4422,8197,9817,2,1,46,45
4597,10260,9817,1,0,40,45
4734,10261,9817,1,2,46,45
4675,9850,9817,4,2,47,45
4406,10194,9817,0,2,49,45
4668,8659,9817,0,1,60,45
4439,10252,9817,2,3,38,45
4693,8650,9817,2,0,46,45
4466,8472,9817,0,1,55,45
4628,8654,9817,3,1,29,45
4573,9826,9817,1,2,50,45
4713,8456,9817,2,0,24,45
4526,8466,9817,2,0,30,45
4537,10003,9817,1,0,55,45
4568,8586,9817,1,0,63,45
4659,9825,9826,1,1,46,50
4480,8678,9826,0,0,47,50
4711,8455,9826,1,2,44,50
4451,8668,9826,1,1,63,50
4402,8197,9826,1,0,46,50
4624,10260,9826,2,0,40,50
4683,10261,9826,1,0,46,50
4396,9850,9826,1,3,47,50
4475,10194,9826,1,2,49,50
4587,8659,9826,3,2,60,50
4519,10252,9826,1,0,38,50
4423,8650,9826,1,2,46,50
4594,8472,9826,2,2,55,50
4648,8654,9826,2,2,29,50
4533,8456,9826,4,0,24,50
4704,8466,9826,4,1,30,50
4567,10003,9826,1,1,55,50
4738,8586,9826,1,0,63,50
4746,9817,9826,0,1,45,50
4679,9825,9850,1,0,46,47
4530,8678,9850,3,0,47,47
4429,8455,9850,1,0,44,47
4701,8668,9850,3,0,63,47
4579,8197,9850,1,0,46,47
4472,10260,9850,1,2,40,47
4763,10261,9850,6,2,46,47
4527,10194,9850,3,1,49,47
4638,8659,9850,0,1,60,47
4559,10252,9850,2,0,38,47
4732,8650,9850,1,1,46,47
4504,8472,9850,1,3,55,47
4748,8654,9850,2,2,29,47
4650,9826,9850,1,0,50,47
4412,8456,9850,2,1,24,47
4715,8466,9850,3,0,30,47
4605,10003,9850,1,0,55,47
4488,8586,9850,3,0,63,47
4457,9817,9850,2,0,45,47
4699,9825,10252,4,0,46,38
4390,8678,10252,0,1,47,38
4759,8455,10252,2,0,44,38
4431,8668,10252,4,0,63,38
4722,8197,10252,3,2,46,38
4664,10260,10252,1,0,40,38
4473,10261,10252,1,1,46,38
4494,9850,10252,2,0,47,38
4584,10194,10252,2,1,49,38
4547,8659,10252,0,0,60,38
4740,8650,10252,3,2,46,38
4515,8472,10252,3,1,55,38
4554,8654,10252,2,0,29,38
4610,9826,10252,2,1,50,38
4602,8456,10252,4,0,24,38
4454,8466,10252,1,1,30,38
4635,10003,10252,1,0,55,38
4416,8586,10252,3,1,63,38
4687,9817,10252,3,2,45,38
4719,9825,10194,2,0,46,49
4571,8678,10194,1,3,47,49
4599,8455,10194,1,1,44,49
4491,8668,10194,3,4,63,49
4542,8197,10194,3,0,46,49
4556,10260,10194,3,0,40,49
4413,10261,10194,0,0,46,49
4614,9850,10194,1,1,47,49
4517,8659,10194,2,1,60,49
4750,10252,10194,0,1,38,49
4651,8650,10194,4,1,46,49
4446,8472,10194,2,0,55,49
4468,8654,10194,0,0,29,49
4691,9826,10194,2,1,50,49
4674,8456,10194,4,0,24,49
4434,8466,10194,0,1,30,49
4765,10003,10194,0,1,55,49
4506,8586,10194,2,2,63,49
4637,9817,10194,1,2,45,49
4749,9825,10260,3,0,46,40
4460,8678,10260,2,1,47,40
4561,8455,10260,1,1,44,40
4761,8668,10260,0,3,63,40
4442,8197,10260,1,1,46,40
4525,10261,10260,3,3,46,40
4695,9850,10260,0,1,47,40
4486,10194,10260,2,0,49,40
4608,8659,10260,1,0,60,40
4499,10252,10260,0,1,38,40
4532,8650,10260,0,1,46,40
4577,8472,10260,2,1,55,40
4678,8654,10260,3,2,29,40
4410,9826,10260,0,0,50,40
4632,8456,10260,0,1,24,40
4735,8466,10260,2,3,30,40
4717,10003,10260,2,1,55,40
4656,8586,10260,3,0,63,40
4437,9817,10260,1,2,45,40
4560,8678,9825,0,2,47,46
4731,8455,9825,2,0,44,46
4631,8668,9825,0,2,63,46
4739,8197,9825,2,5,46,46
4581,10260,9825,3,2,40,46
4714,10261,9825,0,1,46,46
4445,9850,9825,1,1,47,46
4536,10194,9825,0,0,49,46
4438,8659,9825,2,1,60,46
4459,10252,9825,0,2,38,46
4522,8650,9825,3,3,46,46
4676,8472,9825,0,0,55,46
4658,8654,9825,3,3,29,46
4500,9826,9825,1,2,50,46
4694,8456,9825,2,2,24,46
4485,8466,9825,4,0,30,46
4415,10003,9825,0,3,55,46
4606,8586,9825,2,2,63,46
4767,9817,9825,0,3,45,46
7429,7794,9851,2,1,49,64
7582,9827,9851,4,0,44,64
7604,8639,9851,1,1,64,64
7653,9748,9851,1,2,67,64
7674,8592,9851,2,5,31,64
7733,10249,9851,2,0,45,64
7764,9830,9851,0,2,46,64
7694,9831,9851,3,0,38,64
7638,9941,9851,1,2,36,64
7561,10242,9851,2,4,46,64
7533,9747,9851,0,2,36,64
7805,9829,9851,1,1,23,64
7496,9837,9851,2,2,58,64
7517,9853,9851,1,1,52,64
7469,8121,9851,0,2,48,64
7627,7819,9851,1,0,53,64
7780,6391,9851,1,1,55,64
7454,8689,9851,1,1,46,64
7726,9847,9851,4,0,35,64
7439,7794,9847,0,2,49,35
7711,9827,9847,1,1,44,35
7431,8639,9847,0,1,64,35
7636,9748,9847,2,1,67,35
7605,8592,9847,1,2,31,35
7655,10249,9847,0,1,45,35
7795,9830,9847,1,4,46,35
7515,9831,9847,0,3,38,35
7568,9941,9847,0,1,36,35
7661,10242,9847,0,9,46,35
7691,9747,9847,0,2,36,35
7754,9829,9847,0,3,23,35
7776,9837,9847,1,1,58,35
7465,9851,9847,0,1,64,35
7580,9853,9847,0,2,52,35
7499,8121,9847,0,0,48,35
7531,7819,9847,0,3,53,35
7731,6391,9847,0,4,55,35
7482,8689,9847,1,2,46,35
7459,7794,7819,1,0,49,53
7490,9827,7819,1,4,44,53
7592,8639,7819,1,0,64,53
7615,9748,7819,4,1,67,53
7433,8592,7819,0,1,31,53
7573,10249,7819,1,2,45,53
7730,9830,7819,1,2,46,53
7657,9831,7819,2,1,38,53
7688,9941,7819,2,0,36,53
7768,10242,7819,1,3,46,53
7710,9747,7819,1,1,36,53
7504,9829,7819,1,1,23,53
7445,9837,7819,0,1,58,53
7527,9851,7819,1,1,64,53
7629,9853,7819,1,2,52,53
7549,8121,7819,2,0,48,53
7664,6391,7819,1,0,55,53
7782,8689,7819,2,0,46,53
7706,9847,7819,6,0,35,53
7479,7794,6391,1,2,49,55
7640,9827,6391,1,1,44,55
7753,8639,6391,1,0,64,55
7725,9748,6391,2,1,67,55
7521,8592,6391,1,1,31,55
7505,10249,6391,0,2,45,55
7591,9830,6391,3,1,46,55
7673,9831,6391,3,0,38,55
7628,9941,6391,1,1,36,55
7438,10242,6391,0,0,46,55
7773,9747,6391,2,1,36,55
7550,9829,6391,2,2,23,55
7478,9837,6391,1,2,58,55
7578,9851,6391,1,0,64,55
7447,9853,6391,2,0,52,55
7689,8121,6391,0,0,48,55
7791,7819,6391,2,0,53,55
7744,8689,6391,1,0,46,55
7544,9847,6391,2,0,35,55
7500,7794,9827,1,0,49,44
7651,8639,9827,0,0,64,44
7595,9748,9827,3,0,67,44
7695,8592,9827,0,0,31,44
7553,10249,9827,0,1,45,44
7571,9830,9827,2,2,46,44
7785,9831,9827,6,1,38,44
7668,9941,9827,4,0,36,44
7722,10242,9827,2,4,46,44
7611,9747,9827,2,4,36,44
7679,9829,9827,1,2,23,44
7637,9837,9827,4,1,58,44
7486,9851,9827,2,2,64,44
7547,9853,9827,1,1,52,44
7519,8121,9827,1,1,48,44
7746,7819,9827,1,0,53,44
7460,6391,9827,2,0,55,44
7803,8689,9827,3,2,46,44
7766,9847,9827,2,2,35,44
7509,7794,9829,1,2,49,23
7470,9827,9829,3,1,44,23
7692,8639,9829,4,1,64,23
7736,9748,9829,6,1,67,23
7493,8592,9829,3,3,31,23
7784,10249,9829,2,3,45,23
7632,9830,9829,0,0,46,23
7436,9831,9829,1,2,38,23
7658,9941,9829,1,1,36,23
7538,10242,9829,0,0,46,23
7792,9747,9829,3,3,36,23
7458,9837,9829,0,1,58,23
7717,9851,9829,1,1,64,23
7610,9853,9829,1,1,52,23
7579,8121,9829,3,0,48,23
7647,7819,9829,2,2,53,23
7759,6391,9829,0,1,55,23
7563,8689,9829,0,2,46,23
7676,9847,9829,0,2,35,23
7529,7794,9837,2,0,49,58
7430,9827,9837,1,2,44,58
7641,8639,9837,2,0,64,58
7804,9748,9837,1,0,67,58
7735,8592,9837,1,0,31,58
7484,10249,9837,3,1,45,58
7656,9830,9837,1,0,46,58
7715,9831,9837,2,0,38,58
7767,9941,9837,2,2,36,58
7700,10242,9837,2,1,46,58
7501,9747,9837,1,2,36,58
7659,9829,9837,2,2,23,58
7687,9851,9837,3,1,64,58
7466,9853,9837,3,0,52,58
7779,8121,9837,0,0,48,58
7607,7819,9837,0,2,53,58
7564,6391,9837,2,2,55,58
7583,8689,9837,2,0,46,58
7625,9847,9837,4,1,35,58
7566,7794,10249,1,0,49,45
7440,9827,10249,0,0,44,45
7802,8639,10249,2,0,64,45
7492,9748,10249,2,4,67,45
7514,8592,10249,2,2,31,45
7703,9830,10249,0,2,46,45
7535,9831,10249,1,0,38,45
7467,9941,10249,1,1,36,45
7758,10242,10249,0,0,46,45
7680,9747,10249,2,2,36,45
7740,9829,10249,2,0,23,45
7728,9837,10249,2,3,58,45
7546,9851,10249,1,0,64,45
7670,9853,10249,3,0,52,45
7619,8121,10249,2,3,48,45
7772,7819,10249,2,1,53,45
7584,6391,10249,0,4,55,45
7602,8689,10249,1,1,46,45
7645,9847,10249,0,0,35,45
7586,7794,9748,1,0,49,67
7790,9827,9748,3,1,44,67
7623,8639,9748,1,0,64,67
7774,8592,9748,1,1,31,67
7693,10249,9748,0,2,45,67
7506,9830,9748,0,0,46,67
7485,9831,9748,3,0,38,67
7718,9941,9748,2,3,36,67
7468,10242,9748,0,1,46,67
7541,9747,9748,0,1,36,67
7443,9829,9748,1,1,23,67
7747,9837,9748,4,1,58,67
7667,9851,9748,2,2,64,67
7559,9853,9748,1,0,52,67
7599,8121,9748,0,3,48,67
7751,7819,9748,0,4,53,67
7532,6391,9748,2,1,55,67
7682,8689,9748,1,3,46,67
7525,9847,9748,5,1,35,67
7606,7794,10242,2,0,49,46
7450,9827,10242,1,0,44,46
7572,8639,10242,1,3,64,46
7555,9748,10242,4,1,67,46
7654,8592,10242,6,0,31,46
7714,10249,10242,4,1,45,46
7444,9830,10242,3,0,46,46
7642,9831,10242,2,1,38,46
7738,9941,10242,1,0,36,46
7590,9747,10242,4,0,36,46
7620,9829,10242,3,1,23,46
7516,9837,10242,1,1,58,46
7797,9851,10242,1,1,64,46
7690,9853,10242,1,0,52,46
7769,8121,10242,1,0,48,46
7677,7819,10242,2,1,53,46
7609,6391,10242,2,3,55,46
7473,8689,10242,4,1,46,46
7495,9847,10242,4,1,35,46
7626,7794,9830,0,0,49,46
7750,9827,9830,2,0,44,46
7781,8639,9830,0,1,64,46
7675,9748,9830,2,0,67,46
7716,8592,9830,1,1,31,46
7476,10249,9830,2,1,45,46
7808,9831,9830,1,2,38,46
7608,9941,9830,0,0,36,46
7581,10242,9830,0,1,46,46
7560,9747,9830,2,2,36,46
7483,9829,9830,1,0,23,46
7697,9837,9830,2,1,58,46
7648,9851,9830,4,1,64,46
7778,9853,9830,2,0,52,46
7539,8121,9830,0,0,48,46
7451,7819,9830,0,2,53,46
7512,6391,9830,1,1,55,46
7534,8689,9830,0,0,46,46
7745,9847,9830,4,0,35,46
7646,7794,8689,0,0,49,46
7729,9827,8689,3,0,44,46
7520,8639,8689,3,0,64,46
7432,9748,8689,0,0,67,46
7442,8592,8689,1,1,31,46
7794,10249,8689,2,1,45,46
7612,9830,8689,2,1,46,46
7574,9831,8689,2,1,38,46
7518,9941,8689,2,3,36,46
7631,10242,8689,0,1,46,46
7461,9747,8689,2,2,36,46
7775,9829,8689,2,3,23,46
7755,9837,8689,4,1,58,46
7558,9851,8689,2,2,64,46
7709,9853,8689,2,0,52,46
7669,8121,8689,5,1,48,46
7696,7819,8689,1,2,53,46
7491,6391,8689,1,1,55,46
7596,9847,8689,3,1,35,46
7649,7794,9747,3,0,49,36
7510,9827,9747,1,0,44,36
7732,8639,9747,0,0,64,36
7644,9748,9747,5,1,67,36
7554,8592,9747,0,0,31,36
7523,10249,9747,2,1,45,36
7435,9830,9747,1,0,46,36
7765,9831,9747,0,1,38,36
7588,9941,9747,1,2,36,36
7807,10242,9747,0,1,46,36
7720,9829,9747,3,2,23,36
7678,9837,9747,0,1,58,36
7708,9851,9747,0,3,64,36
7497,9853,9747,3,0,52,36
7449,8121,9747,0,0,48,36
7471,7819,9747,2,1,53,36
7603,6391,9747,0,0,55,36
7622,8689,9747,4,3,46,36
7786,9847,9747,3,0,35,36
7666,7794,8639,1,2,49,64
7562,9827,8639,1,0,44,64
7761,9748,8639,0,0,67,64
7585,8592,8639,1,1,31,64
7634,10249,8639,3,0,45,64
7683,9830,8639,0,3,46,64
7464,9831,8639,0,0,38,64
7537,9941,8639,1,1,36,64
7488,10242,8639,1,1,46,64
7441,9747,8639,1,1,36,64
7543,9829,8639,0,0,23,64
7796,9837,8639,1,0,58,64
7777,9851,8639,1,1,64,64
7741,9853,8639,0,1,52,64
7489,8121,8639,2,0,48,64
7511,7819,8639,1,2,53,64
7704,6391,8639,2,4,55,64
7723,8689,8639,0,1,46,64
7616,9847,8639,0,0,35,64
7686,7794,8592,2,1,49,31
7530,9827,8592,1,1,44,31
7453,8639,8592,1,2,64,31
7575,9748,8592,1,1,67,31
7593,10249,8592,0,1,45,31
7463,9830,8592,0,1,46,31
7614,9831,8592,1,1,38,31
7787,9941,8592,1,1,36,31
7743,10242,8592,1,1,46,31
7752,9747,8592,2,0,36,31
7699,9829,8592,2,1,23,31
7545,9837,8592,1,0,58,31
7507,9851,8592,0,1,64,31
7487,9853,8592,0,2,52,31
7719,8121,8592,0,1,48,31
7567,7819,8592,1,3,53,31
7633,6391,8592,1,1,55,31
7662,8689,8592,1,1,46,31
7806,9847,8592,2,1,35,31
7707,7794,9853,0,1,49,52
7601,9827,9853,1,4,44,52
7502,8639,9853,1,0,64,52
7474,9748,9853,3,0,67,52
7624,8592,9853,1,1,31,52
7763,10249,9853,1,2,45,52
7551,9830,9853,2,1,46,52
7734,9831,9853,2,0,38,52
7437,9941,9853,2,1,36,52
7788,10242,9853,0,1,46,52
7660,9747,9853,2,0,36,52
7522,9829,9853,1,0,23,52
7577,9837,9853,1,1,58,52
7598,9851,9853,0,1,64,52
7639,8121,9853,0,0,48,52
7800,7819,9853,1,0,53,52
7684,6391,9853,0,2,55,52
7652,8689,9853,0,1,46,52
7457,9847,9853,4,1,35,52
7737,7794,8121,1,0,49,48
7701,9827,8121,1,3,44,48
7713,8639,8121,0,0,64,48
7513,9748,8121,0,2,67,48
7793,8592,8121,1,2,31,48
7434,10249,8121,0,2,45,48
7663,9830,8121,2,0,46,48
7565,9831,8121,2,1,38,48
7448,9941,8121,1,2,36,48
7681,10242,8121,0,1,46,48
7630,9747,8121,2,2,36,48
7462,9829,8121,1,0,23,48
7597,9837,8121,2,1,58,48
7618,9851,8121,1,0,64,48
7536,9853,8121,1,0,52,48
7480,7819,8121,0,0,53,48
7650,6391,8121,0,2,55,48
7760,8689,8121,3,1,46,48
7576,9847,8121,5,1,35,48
7770,7794,9831,1,3,49,38
7621,9827,9831,0,0,44,38
7552,8639,9831,1,1,64,38
7705,9748,9831,1,1,67,38
7475,8592,9831,0,1,31,38
7665,10249,9831,0,2,45,38
7724,9830,9831,1,0,46,38
7498,9941,9831,2,0,36,38
7548,10242,9831,3,3,46,38
7742,9747,9831,2,3,36,38
7600,9829,9831,1,0,23,38
7526,9837,9831,1,1,58,38
7446,9851,9831,1,4,64,38
7798,9853,9831,1,4,52,38
7749,8121,9831,1,1,48,38
7587,7819,9831,2,0,53,38
7452,6391,9831,3,1,55,38
7503,8689,9831,0,0,46,38
7685,9847,9831,4,1,35,38
7789,7794,9941,3,0,49,36
7771,9827,9941,1,1,44,36
7672,8639,9941,1,0,64,36
7455,9748,9941,3,0,67,36
7643,8592,9941,1,1,31,36
7613,10249,9941,2,0,45,36
7524,9830,9941,1,1,46,36
7594,9831,9941,1,0,38,36
7508,10242,9941,0,3,46,36
7481,9747,9941,2,0,36,36
7569,9829,9941,4,0,23,36
7557,9837,9941,1,3,58,36
7756,9851,9941,3,1,64,36
7721,9853,9941,0,0,52,36
7739,8121,9941,2,3,48,36
7540,7819,9941,1,0,53,36
7801,6391,9941,2,2,55,36
7702,8689,9941,1,1,46,36
7477,9847,9941,5,0,35,36
7671,9827,7794,1,1,44,49
7472,8639,7794,1,1,64,49
7783,9748,7794,2,0,67,49
7762,8592,7794,4,1,31,49
7456,10249,7794,2,0,45,49
7494,9830,7794,0,0,46,49
7635,9831,7794,0,2,38,49
7698,9941,7794,4,0,36,49
7528,10242,7794,1,1,46,49
7570,9747,7794,1,0,36,49
7589,9829,7794,2,0,23,49
7617,9837,7794,0,1,58,49
7748,9851,7794,1,2,64,49
7757,9853,7794,2,1,52,49
7799,8121,7794,1,0,48,49
7727,7819,7794,0,0,53,49
7712,6391,7794,3,2,55,49
7542,8689,7794,1,1,46,49
7556,9847,7794,2,0,35,49
9951,9823,9790,5,0,22,47
10159,9789,9790,3,0,49,47
10115,8178,9790,1,0,61,47
10017,8721,9790,1,1,50,47
10045,10269,9790,2,1,48,47
10198,8406,9790,1,3,55,47
10000,8697,9790,1,3,58,47
10183,9905,9790,0,0,44,47
9986,8262,9790,1,1,45,47
10206,9788,9790,0,3,49,47
10135,9904,9790,0,3,40,47
9965,8226,9790,0,1,59,47
10228,8234,9790,0,1,51,47
10096,10189,9790,3,2,37,47
10081,9810,9790,0,0,40,47
10155,8722,9790,2,1,71,47
10244,8177,9790,3,0,45,47
9960,9823,8722,4,0,22,71
10195,9789,8722,2,2,49,71
9980,8178,8722,1,2,61,71
10044,8721,8722,1,1,50,71
9955,10269,8722,1,3,48,71
10179,8406,8722,0,0,55,71
10019,8697,8722,1,1,58,71
10165,9905,8722,2,3,44,71
10004,8262,8722,0,0,45,71
10080,9788,8722,1,0,49,71
10117,9904,8722,0,2,40,71
10136,8226,8722,1,1,59,71
10102,8234,8722,1,1,51,71
10240,10189,8722,0,3,37,71
10062,9790,8722,1,1,47,71
10207,9810,8722,6,2,40,71
10226,8177,8722,2,0,45,71
9978,9823,10269,4,0,22,48
9997,9789,10269,4,1,49,48
9962,8178,10269,4,3,61,48
10197,8721,10269,3,1,50,48
10161,8406,10269,1,0,55,48
10180,8697,10269,6,2,58,48
10021,9905,10269,0,0,44,48
10139,8262,10269,2,2,45,48
10098,9788,10269,4,0,49,48
10225,9904,10269,1,3,40,48
10245,8226,10269,2,2,59,48
10120,8234,10269,3,3,51,48
10078,10189,10269,1,1,37,48
10052,9790,10269,3,2,47,48
10063,9810,10269,2,4,40,48
10036,8722,10269,1,3,71,48
10209,8177,10269,2,1,45,48
9996,9823,8177,2,0,22,45
10150,9789,8177,3,1,49,45
10178,8178,8177,2,1,61,45
10213,8721,8177,2,0,50,45
10071,10269,8177,2,0,48,45
9956,8406,8177,0,1,55,45
10047,8697,8177,3,3,58,45
10201,9905,8177,0,0,44,45
10022,8262,8177,0,4,45,45
10134,9788,8177,5,0,49,45
9983,9904,8177,1,3,40,45
10164,8226,8177,2,1,59,45
9967,8234,8177,0,1,51,45
10248,10189,8177,2,1,37,45
10106,9790,8177,2,0,47,45
10236,9810,8177,1,1,40,45
10093,8722,8177,0,1,71,45
10014,9823,8234,2,0,22,51
10042,9789,8234,2,0,49,51
10196,8178,8234,3,2,61,51
10069,8721,8234,2,0,50,51
10251,10269,8234,1,0,48,51
10153,8406,8234,0,1,55,51
10217,8697,8234,0,1,58,51
9958,9905,8234,0,1,44,51
10166,8262,8234,2,0,45,51
9981,9788,8234,0,0,49,51
10001,9904,8234,4,0,40,51
10182,8226,8234,2,1,59,51
9969,10189,8234,1,1,37,51
10088,9790,8234,1,1,47,51
10110,9810,8234,1,1,40,51
10237,8722,8234,1,1,71,51
10130,8177,8234,2,1,45,51
10041,9823,8226,2,0,22,59
10086,9789,8226,3,1,49,59
9953,8178,8226,2,1,61,59
10249,8721,8226,4,2,50,59
10107,10269,8226,5,1,48,59
10234,8406,8226,1,3,55,59
10073,8697,8226,1,1,58,59
10219,9905,8226,3,1,44,59
10157,8262,8226,0,0,45,59
10168,9788,8226,3,1,49,59
10191,9904,8226,1,0,40,59
10013,8234,8226,1,1,51,59
10023,10189,8226,1,0,37,59
10124,9790,8226,1,3,47,59
10145,9810,8226,0,2,40,59
9976,8722,8226,0,0,71,59
9994,8177,8226,1,0,45,59
10077,9823,8262,3,1,22,45
10230,9789,8262,2,2,49,45
10205,8178,8262,0,1,61,45
10123,8721,8262,1,1,50,45
9972,10269,8262,2,0,48,45
10252,8406,8262,0,2,55,45
10091,8697,8262,2,2,58,45
10112,9905,8262,0,0,44,45
10024,9788,8262,3,2,49,45
10037,9904,8262,1,2,40,45
10066,8226,8262,0,2,59,45
9995,8234,8262,3,1,51,45
10050,10189,8262,1,1,37,45
10142,9790,8262,1,2,47,45
10010,9810,8262,0,1,40,45
10173,8722,8262,4,1,71,45
10192,8177,8262,1,2,45,45
10095,9823,9905,1,2,22,44
10114,9789,9905,2,0,49,44
10223,8178,9905,1,0,61,44
10141,8721,9905,1,1,50,44
10188,10269,9905,1,3,48,44
9973,8406,9905,3,3,55,44
10127,8697,9905,1,1,58,44
10247,8262,9905,2,3,45,44
10051,9788,9905,1,2,49,44
10064,9904,9905,0,1,40,44
10084,8226,9905,3,2,59,44
10040,8234,9905,1,0,51,44
10204,10189,9905,2,1,37,44
10008,9790,9905,1,3,47,44
10172,9810,9905,2,1,40,44
9993,8722,9905,0,0,71,44
10030,8177,9905,2,0,45,44
10113,9823,8697,5,0,22,58
10132,9789,8697,3,2,49,58
10097,8178,8697,1,4,61,58
9989,8721,8697,6,0,50,58
10009,10269,8697,1,1,48,58
9982,8406,8697,1,2,55,58
9966,9905,8697,1,3,44,58
10229,8262,8697,2,1,45,58
10061,9788,8697,5,1,49,58
10243,9904,8697,1,0,40,58
10210,8226,8697,1,3,59,58
10085,8234,8697,2,0,51,58
10032,10189,8697,1,3,37,58
10170,9790,8697,2,1,47,58
10027,9810,8697,2,1,40,58
10190,8722,8697,0,0,71,58
10056,8177,8697,1,1,45,58
10131,9823,9810,1,0,22,40
10015,9789,9810,4,1,49,40
10160,8178,9810,3,0,61,40
9954,8721,9810,2,1,50,40
10152,10269,9810,1,4,48,40
10046,8406,9810,0,0,55,40
10199,8697,9810,1,0,58,40
10003,9905,9810,2,1,44,40
10184,8262,9810,1,2,45,40
10116,9788,9810,3,0,49,40
9964,9904,9810,1,2,40,40
9984,8226,9810,0,0,59,40
10246,8234,9810,2,0,51,40
10222,10189,9810,2,0,37,40
10214,9790,9810,0,0,47,40
10074,8722,9810,3,1,71,40
10100,8177,9810,2,0,45,40
10149,9823,8178,3,0,22,61
10212,9789,8178,3,0,49,61
9970,8721,8178,2,1,50,61
10125,10269,8178,0,2,48,61
10108,8406,8178,3,3,55,61
10235,8697,8178,0,3,58,61
10094,9905,8178,3,1,44,61
10076,8262,8178,1,2,45,61
10186,9788,8178,2,1,49,61
10055,9904,8178,0,1,40,61
10039,8226,8178,1,1,59,61
10031,8234,8178,0,1,51,61
10167,10189,8178,2,3,37,61
10250,9790,8178,0,0,47,61
9992,9810,8178,1,3,40,61
10146,8722,8178,0,2,71,61
10012,8177,8178,2,1,45,61
10158,9823,10189,3,0,22,37
9979,9789,10189,3,2,49,37
9998,8178,10189,1,1,61,37
10151,8721,10189,3,0,50,37
10215,10269,10189,0,1,48,37
10018,8406,10189,2,1,55,37
9957,8697,10189,0,3,58,37
10075,9905,10189,2,1,44,37
10049,8262,10189,0,2,45,37
9963,9788,10189,3,1,49,37
10181,9904,10189,1,3,40,37
10200,8226,10189,1,4,59,37
10138,8234,10189,3,0,51,37
10232,9790,10189,0,1,47,37
10092,9810,10189,0,0,40,37
10111,8722,10189,1,3,71,37
10118,8177,10189,2,0,45,37
10176,9823,9788,1,1,22,49
9952,9789,9788,4,0,49,49
10016,8178,9788,5,0,61,49
10105,8721,9788,2,1,50,49
10233,10269,9788,1,3,48,49
10090,8406,9788,2,2,55,49
10154,8697,9788,2,1,58,49
10048,9905,9788,1,0,44,49
10202,8262,9788,0,2,45,49
10163,9904,9788,2,0,40,49
10002,8226,9788,3,3,59,49
10148,8234,9788,1,0,51,49
10122,10189,9788,2,1,37,49
10070,9790,9788,3,2,47,49
10254,9810,9788,1,5,40,49
10218,8722,9788,1,0,71,49
9977,8177,9788,1,4,45,49
10194,9823,9904,3,1,22,40
10068,9789,9904,1,0,49,40
10043,8178,9904,3,0,61,40
10231,8721,9904,1,1,50,40
10089,10269,9904,1,2,48,40
10216,8406,9904,2,0,55,40
10109,8697,9904,4,1,58,40
10156,9905,9904,3,0,44,40
9959,8262,9904,2,2,45,40
9988,9788,9904,2,1,49,40
10020,8226,9904,1,0,59,40
10175,8234,9904,2,2,51,40
10005,10189,9904,3,1,37,40
9971,9790,9904,1,2,47,40
10128,9810,9904,1,0,40,40
10255,8722,9904,0,1,71,40
10147,8177,9904,2,2,45,40
10203,9823,8406,2,1,22,55
9961,9789,8406,5,1,49,55
10241,8178,8406,1,1,61,55
10169,8721,8406,0,2,50,55
9991,10269,8406,0,4,48,55
10144,8697,8406,1,2,58,55
10137,9905,8406,4,2,44,55
10121,8262,8406,2,2,45,55
10224,9788,8406,4,2,49,55
10082,9904,8406,0,1,40,55
10101,8226,8406,2,1,59,55
10067,8234,8406,2,1,51,55
10185,10189,8406,1,1,37,55
10025,9790,8406,0,1,47,55
10053,9810,8406,1,1,40,55
10011,8722,8406,0,1,71,55
10038,8177,8406,0,0,45,55
10221,9823,8721,5,1,22,50
10177,9789,8721,5,1,49,50
10133,8178,8721,3,0,61,50
10026,10269,8721,3,1,48,50
9999,8406,8721,0,0,55,50
10162,8697,8721,3,2,58,50
9985,9905,8721,2,0,44,50
9968,8262,8721,0,1,45,50
10242,9788,8721,2,0,49,50
10099,9904,8721,0,4,40,50
10119,8226,8721,1,0,59,50
10211,8234,8721,0,0,51,50
10059,10189,8721,3,0,37,50
10187,9790,8721,0,1,47,50
10035,9810,8721,3,2,40,50
10054,8722,8721,1,1,71,50
10083,8177,8721,1,1,45,50
10239,9823,9789,5,1,22,49
10079,8178,9789,0,1,61,49
10007,8721,9789,1,2,50,49
10171,10269,9789,0,3,48,49
10126,8406,9789,1,3,55,49
9974,8697,9789,1,3,58,49
10256,9905,9789,0,2,44,49
10103,8262,9789,0,2,45,49
10033,9788,9789,1,3,49,49
10208,9904,9789,2,4,40,49
10227,8226,9789,1,1,59,49
10058,8234,9789,0,4,51,49
10140,10189,9789,2,2,37,49
9990,9790,9789,3,1,47,49
10189,9810,9789,1,0,40,49
10028,8722,9789,2,1,71,49
10065,8177,9789,0,0,45,49
10104,9789,9823,0,0,49,22
10060,8178,9823,0,0,61,22
10087,8721,9823,0,2,50,22
10143,10269,9823,1,3,48,22
10072,8406,9823,1,3,55,22
10253,8697,9823,0,1,58,22
10238,9905,9823,0,3,44,22
10220,8262,9823,0,3,45,22
10006,9788,9823,3,1,49,22
10029,9904,9823,0,1,40,22
10057,8226,9823,1,2,59,22
10193,8234,9823,1,2,51,22
9987,10189,9823,1,3,37,22
10034,9790,9823,1,2,47,22
9975,9810,9823,0,0,40,22
10129,8722,9823,0,1,71,22
10174,8177,9823,0,2,45,22
12894,8534,8533,1,3,63,52
12977,8535,8533,2,0,53,52
12958,9891,8533,0,2,50,52
13075,9876,8533,3,1,55,52
13047,8636,8533,1,0,53,52
13119,9885,8533,1,1,80,52
13027,8543,8533,4,1,72,52
12929,8540,8533,1,0,64,52
13126,9882,8533,0,1,29,52
13242,7943,8533,1,1,56,52
13174,8524,8533,1,0,51,52
12995,9857,8533,0,1,52,52
12908,8564,8533,1,0,69,52
13095,9875,8533,3,1,67,52
13194,8686,8533,3,0,66,52
13055,9804,8533,1,2,53,52
12936,208931,8533,1,2,50,52
13257,10233,8533,3,2,23,52
13154,8600,8533,0,0,52,52
12924,8534,9885,1,3,63,80
13177,8535,9885,1,2,53,80
13059,9891,9885,0,2,50,80
13197,9876,9885,2,1,55,80
13259,8636,9885,0,0,53,80
12961,8543,9885,0,2,72,80
12950,8540,9885,0,3,64,80
13002,9882,9885,1,2,29,80
12912,7943,9885,1,0,56,80
13098,8524,9885,0,2,51,80
13078,9857,9885,0,0,52,80
13151,8564,9885,1,2,69,80
13240,9875,9885,2,1,67,80
13011,8686,9885,2,1,66,80
13130,9804,9885,1,4,53,80
12976,208931,9885,2,3,50,80
13039,8533,9885,0,4,52,80
13218,10233,9885,0,2,23,80
13019,8600,9885,0,4,52,80
12945,8534,8543,1,0,63,72
12997,8535,8543,1,3,53,72
13079,9891,8543,0,0,50,72
13238,9876,8543,1,2,55,72
12980,8636,8543,1,2,53,72
13171,9885,8543,3,0,80,72
13152,8540,8543,0,3,64,72
13178,9882,8543,2,1,29,72
13262,7943,8543,2,1,56,72
12904,8524,8543,2,1,51,72
13020,9857,8543,2,2,52,72
13131,8564,8543,1,1,69,72
13220,9875,8543,5,0,67,72
12930,8686,8543,2,0,66,72
13099,9804,8543,1,1,53,72
13198,208931,8543,1,3,50,72
13007,8533,8543,4,0,52,72
13060,10233,8543,0,0,23,72
13040,8600,8543,0,0,52,72
12965,8534,208931,3,0,63,50
13046,8535,208931,2,1,53,50
12906,9891,208931,2,1,50,50
13125,9876,208931,1,2,55,50
13026,8636,208931,1,1,53,50
13186,9885,208931,2,0,80,50
12988,8543,208931,0,0,72,50
13121,8540,208931,2,2,64,50
12902,9882,208931,5,2,29,50
12932,7943,208931,1,0,56,50
13254,8524,208931,3,0,51,50
13094,9857,208931,0,0,52,50
13166,8564,208931,0,0,69,50
13054,9875,208931,1,0,67,50
13241,8686,208931,5,1,66,50
13074,9804,208931,0,0,53,50
13146,8533,208931,1,0,52,50
12947,10233,208931,1,2,23,50
13206,8600,208931,1,2,52,50
12985,8534,8636,0,1,63,53
13069,8535,8636,2,1,53,53
13150,9891,8636,0,1,50,53
13058,9876,8636,3,3,55,53
13089,9885,8636,2,0,80,53
13190,8543,8636,2,0,72,53
13271,8540,8636,1,1,64,53
13252,9882,8636,1,1,29,53
13210,7943,8636,3,1,56,53
13018,8524,8636,1,1,51,53
12905,9857,8636,0,1,52,53
13038,8564,8636,3,0,69,53
12949,9875,8636,2,1,67,53
13129,8686,8636,1,1,66,53
12933,9804,8636,0,1,53,53
13006,208931,8636,1,2,50,53
13217,8533,8636,0,1,52,53
13170,10233,8636,1,0,23,53
12973,8600,8636,0,4,52,53
13029,8534,8564,2,2,63,69
12895,8535,8564,2,0,53,69
12978,9891,8564,2,4,50,69
13179,9876,8564,2,1,55,69
13118,8636,8564,1,0,53,69
12941,9885,8564,1,0,80,69
12921,8543,8564,1,3,72,69
13049,8540,8564,0,2,64,69
13158,9882,8564,0,1,29,69
13100,7943,8564,2,0,56,69
13137,8524,8564,2,1,51,69
13199,9857,8564,0,1,52,69
13080,9875,8564,1,1,67,69
13001,8686,8564,1,1,66,69
13263,9804,8564,1,1,53,69
12956,208931,8564,0,0,50,69
13108,8533,8564,0,0,52,69
13237,10233,8564,1,0,23,69
13233,8600,8564,2,3,52,69
13053,8534,8600,1,1,63,52
12957,8535,8600,3,0,53,52
13103,9891,8600,2,0,50,52
13258,9876,8600,1,1,55,52
13183,8636,8600,3,1,53,52
12899,9885,8600,0,1,80,52
13120,8543,8600,2,0,72,52
13033,8540,8600,4,1,64,52
13153,9882,8600,2,0,29,52
13133,7943,8600,1,1,56,52
13203,8524,8600,1,1,51,52
13235,9857,8600,1,2,52,52
13063,8564,8600,1,1,69,52
12928,9875,8600,1,0,67,52
12910,8686,8600,3,1,66,52
12983,9804,8600,0,1,53,52
12996,208931,8600,2,1,50,52
12944,8533,8600,2,3,52,52
13083,10233,8600,2,1,23,52
13066,8534,9891,1,2,63,50
12917,8535,9891,4,1,53,50
13156,9876,9891,1,2,55,50
12940,8636,9891,4,0,53,50
13229,9885,9891,1,1,80,50
13249,8543,9891,2,0,72,50
12971,8540,9891,4,1,64,50
13086,9882,9891,2,0,29,50
12992,7943,9891,2,2,56,50
13004,8524,9891,2,0,51,50
13215,9857,9891,1,0,52,50
13188,8564,9891,3,3,69,50
13208,9875,9891,4,0,67,50
13036,8686,9891,3,1,66,50
13016,9804,9891,4,2,53,50
13106,208931,9891,2,1,50,50
13168,8533,9891,5,1,52,50
13135,10233,9891,4,0,23,50
13273,8600,9891,1,0,52,50
13091,8534,8686,1,3,63,66
13267,8535,8686,1,2,53,66
13116,9891,8686,0,2,50,66
12897,9876,8686,1,1,55,66
12919,8636,8686,1,0,53,66
13031,9885,8686,1,0,80,66
13140,8543,8686,1,4,72,66
13251,8540,8686,2,4,64,66
13232,9882,8686,2,1,29,66
13051,7943,8686,0,2,56,66
13161,8524,8686,3,3,51,66
12935,9857,8686,2,2,52,66
13211,8564,8686,1,3,69,66
12970,9875,8686,0,0,67,66
12963,9804,8686,1,1,53,66
13071,208931,8686,1,3,50,66
12984,8533,8686,3,3,52,66
13191,10233,8686,2,3,23,66
13110,8600,8686,1,2,52,66
13111,8534,9882,1,1,63,29
13141,8535,9882,1,1,53,29
13256,9891,9882,2,0,50,29
13102,9876,9882,0,3,55,29
13082,8636,9882,3,1,53,29
13212,9885,9882,5,0,80,29
12968,8543,9882,1,1,72,29
13192,8540,9882,2,0,64,29
13172,7943,9882,0,0,56,29
13234,8524,9882,2,1,51,29
13042,9857,9882,3,2,52,29
12948,8564,9882,4,1,69,29
13010,9875,9882,2,2,67,29
13062,8686,9882,2,1,66,29
13222,9804,9882,2,0,53,29
13022,208931,9882,2,1,50,29
12916,8533,9882,1,1,52,29
12986,10233,9882,2,3,23,29
12943,8600,9882,1,0,52,29
13114,8534,9875,2,2,63,67
13090,8535,9875,1,1,53,67
12998,9891,9875,1,5,50,67
12939,9876,9875,0,2,55,67
13159,8636,9875,2,0,53,67
13070,9885,9875,1,0,80,67
13050,8543,9875,0,2,72,67
13109,8540,9875,0,1,64,67
13030,9882,9875,2,4,29,67
12903,7943,9875,2,1,56,67
12974,8524,9875,1,3,51,67
12955,9857,9875,3,2,52,67
13250,8564,9875,0,4,69,67
13180,8686,9875,1,0,66,67
13200,9804,9875,1,2,53,67
13224,208931,9875,0,0,50,67
13265,8533,9875,0,1,52,67
12918,10233,9875,0,0,23,67
13138,8600,9875,3,1,52,67
13132,8534,8540,0,0,63,64
13201,8535,8540,0,0,53,64
13181,9891,8540,0,2,50,64
12999,9876,8540,0,1,55,64
13101,8636,8540,3,1,53,64
13160,9885,8540,4,0,80,64
12942,8543,8540,1,1,72,64
12982,9882,8540,2,0,29,64
13061,7943,8540,2,2,56,64
12954,8524,8540,3,0,51,64
13255,9857,8540,0,1,52,64
13219,8564,8540,3,2,69,64
12909,9875,8540,2,0,67,64
13081,8686,8540,5,0,66,64
13243,9804,8540,2,1,53,64
13041,208931,8540,1,1,50,64
13139,8533,8540,3,1,52,64
13021,10233,8540,4,0,23,64
13013,8600,8540,0,1,52,64
13147,8534,8535,2,0,63,53
13127,9891,8535,0,0,50,53
12907,9876,8535,0,2,55,53
13239,8636,8535,1,4,53,53
12967,9885,8535,3,1,80,53
13207,8543,8535,2,4,72,53
12991,8540,8535,1,3,64,53
12931,9882,8535,0,2,29,53
12952,7943,8535,1,1,56,53
13077,8524,8535,2,3,51,53
13057,9857,8535,1,1,52,53
13015,8564,8535,2,0,69,53
13260,9875,8535,2,1,67,53
13097,8686,8535,4,1,66,53
13012,9804,8535,3,1,53,53
13216,208931,8535,0,1,50,53
13187,8533,8535,0,0,52,53
13035,10233,8535,0,0,23,53
13167,8600,8535,2,1,52,53
13169,8534,9876,1,0,63,55
13107,8535,9876,1,1,53,55
12946,9891,9876,3,2,50,55
13228,8636,9876,1,0,53,55
12987,9885,9876,3,0,80,55
13068,8543,9876,5,2,72,55
13209,8540,9876,3,2,64,55
13272,9882,9876,4,1,29,55
13189,7943,9876,1,0,56,55
13214,8524,9876,1,1,51,55
13136,9857,9876,0,1,52,55
12969,8564,9876,1,1,69,55
13149,9875,9876,3,0,67,55
13017,8686,9876,1,1,66,55
13037,9804,9876,0,0,53,55
12915,208931,9876,0,0,50,55
13245,8533,9876,1,1,52,55
13008,10233,9876,2,0,23,55
13088,8600,9876,2,0,52,55
13185,8534,9857,0,0,63,52
13227,8535,9857,2,0,53,52
13045,9891,9857,1,0,50,52
12926,9876,9857,0,2,55,52
13105,8636,9857,2,1,53,52
13248,9885,9857,3,1,80,52
12900,8543,9857,2,1,72,52
13085,8540,9857,0,0,64,52
13122,9882,9857,2,0,29,52
13025,7943,9857,0,2,56,52
13124,8524,9857,2,0,51,52
12989,8564,9857,0,1,69,52
13165,9875,9857,6,0,67,52
13145,8686,9857,1,1,66,52
12953,9804,9857,2,0,53,52
13264,208931,9857,1,2,50,52
13205,8533,9857,0,0,52,52
12966,10233,9857,0,1,23,52
13065,8600,9857,0,1,52,52
13213,8534,9804,2,1,63,53
13032,8535,9804,2,0,53,53
12896,9891,9804,1,2,50,53
13117,9876,9804,2,2,55,53
13143,8636,9804,1,2,53,53
12920,9885,9804,2,1,80,53
13269,8543,9804,3,0,72,53
13073,8540,9804,1,3,64,53
13052,9882,9804,2,2,29,53
12972,7943,9804,1,1,56,53
12934,8524,9804,0,1,51,53
13163,9857,9804,0,1,52,53
13093,8564,9804,1,0,69,53
12990,9875,9804,2,1,67,53
13173,8686,9804,3,2,66,53
13244,208931,9804,2,1,50,53
13225,8533,9804,1,0,52,53
13113,10233,9804,3,2,23,53
13193,8600,9804,1,5,52,53
13226,8534,8524,0,1,63,51
13247,8535,8524,3,0,53,51
13024,9891,8524,0,0,50,51
13044,9876,8524,2,1,55,51
12898,8636,8524,1,0,53,51
13268,9885,8524,2,0,80,51
13104,8543,8524,2,0,72,51
13164,8540,8524,2,2,64,51
13064,9882,8524,0,0,29,51
13123,7943,8524,2,2,56,51
12914,9857,8524,3,0,52,51
12927,8564,8524,0,0,69,51
13184,9875,8524,2,1,67,51
12951,8686,8524,0,2,66,51
13144,9804,8524,2,1,53,51
13084,208931,8524,1,1,50,51
12964,8533,8524,1,0,52,51
13204,10233,8524,1,2,23,51
12993,8600,8524,2,1,52,51
13246,8534,7943,1,0,63,56
13162,8535,7943,3,1,53,56
13202,9891,7943,0,1,50,56
12979,9876,7943,1,1,55,56
13000,8636,7943,0,1,53,56
13112,9885,7943,1,0,80,56
13092,8543,7943,0,2,72,56
13231,8540,7943,0,1,64,56
12962,9882,7943,1,3,29,56
13043,8524,7943,1,1,51,56
13005,9857,7943,0,1,52,56
13270,8564,7943,2,1,69,56
13023,9875,7943,3,1,67,56
13221,8686,7943,2,2,66,56
13182,9804,7943,1,3,53,56
13142,208931,7943,1,3,50,56
13072,8533,7943,1,1,52,56
12938,10233,7943,2,1,23,56
12923,8600,7943,0,0,52,56
13266,8534,10233,2,0,63,23
13115,8535,10233,1,0,53,23
12925,9891,10233,2,2,50,23
13028,9876,10233,1,1,55,23
12960,8636,10233,1,0,53,23
13048,9885,10233,1,0,80,23
13230,8543,10233,2,0,72,23
12901,8540,10233,1,0,64,23
13196,9882,10233,0,3,29,23
13148,7943,10233,0,1,56,23
12994,8524,10233,0,2,51,23
13176,9857,10233,2,0,52,23
13067,8564,10233,2,1,69,23
13128,9875,10233,3,1,67,23
12981,8686,10233,2,0,66,23
12913,9804,10233,3,3,53,23
13157,208931,10233,4,1,50,23
13087,8533,10233,1,0,52,23
13253,8600,10233,1,1,52,23
12937,8535,8534,2,2,53,63
13236,9891,8534,2,0,50,63
12959,9876,8534,0,1,55,63
13195,8636,8534,2,1,53,63
13134,9885,8534,1,0,80,63
13155,8543,8534,2,0,72,63
12922,8540,8534,0,1,64,63
12911,9882,8534,1,1,29,63
13076,7943,8534,3,2,56,63
13056,8524,8534,0,0,51,63
12975,9857,8534,2,3,52,63
13009,8564,8534,2,1,69,63
13034,9875,8534,5,1,67,63
13261,8686,8534,3,1,66,63
13003,9804,8534,0,1,53,63
13175,208931,8534,1,0,50,63
13014,8533,8534,1,1,52,63
13096,10233,8534,1,0,23,63
13223,8600,8534,1,2,52,63
15440,10228,7788,2,0,44,38
15417,6413,7788,2,2,58,38
15514,10217,7788,2,1,38,38
15586,10235,7788,3,1,31,38
15526,10229,7788,3,1,50,38
15549,8674,7788,2,0,54,38
15475,8525,7788,3,0,52,38
15564,8611,7788,3,0,39,38
15675,8277,7788,4,1,71,38
15593,9791,7788,3,1,59,38
15454,8593,7788,5,1,30,38
15493,10218,7788,1,4,43,38
15696,9908,7788,3,3,28,38
15654,8640,7788,6,2,28,38
15479,10228,10218,2,1,44,43
15681,6413,10218,3,0,58,43
15702,10217,10218,3,3,38,43
15608,10235,10218,3,0,31,43
15580,10229,10218,2,0,50,43
15614,8674,10218,2,0,54,43
15446,8525,10218,2,3,52,43
15643,8611,10218,2,0,39,43
15659,7788,10218,0,2,38,43
15534,8277,10218,0,0,71,43
15457,9791,10218,0,0,59,43
15567,8593,10218,3,0,30,43
15596,9908,10218,2,1,28,43
15717,8640,10218,1,1,28,43
15494,10228,10217,0,4,44,38
15688,6413,10217,2,1,58,38
15540,10235,10217,0,2,31,38
15470,10229,10217,0,1,50,38
15467,8674,10217,2,1,54,38
15638,8525,10217,0,2,52,38
15518,8611,10217,1,4,39,38
15430,7788,10217,1,1,38,38
15626,8277,10217,2,2,71,38
15656,9791,10217,1,1,59,38
15673,8593,10217,4,0,30,38
15558,10218,10217,2,4,43,38
15592,9908,10217,2,2,28,38
15572,8640,10217,2,0,28,38
15510,10228,8525,3,1,44,52
15599,6413,8525,4,1,58,52
15483,10217,8525,1,1,38,52
15683,10235,8525,1,0,31,52
15620,10229,8525,0,0,50,52
15714,8674,8525,2,1,54,52
15464,8611,8525,1,3,39,52
15648,7788,8525,1,1,38,52
15573,8277,8525,0,1,71,52
15434,9791,8525,2,1,59,52
15517,8593,8525,3,0,30,52
15542,10218,8525,0,0,43,52
15566,9908,8525,2,1,28,52
15627,8640,8525,2,0,28,52
15544,10228,8611,1,3,44,39
15619,6413,8611,2,1,58,39
15578,10217,8611,2,1,38,39
15458,10235,8611,5,0,31,39
15712,10229,8611,3,1,50,39
15423,8674,8611,1,1,54,39
15609,8525,8611,2,3,52,39
15687,7788,8611,0,0,38,39
15488,8277,8611,5,1,71,39
15672,9791,8611,2,0,59,39
15653,8593,8611,4,0,30,39
15471,10218,8611,1,1,43,39
15441,9908,8611,4,2,28,39
15513,8640,8611,4,2,28,39
15582,10228,9908,0,4,44,28
15425,6413,9908,1,2,58,28
15621,10217,9908,1,1,38,28
15420,10235,9908,3,2,31,28
15492,10229,9908,2,2,50,28
15504,8674,9908,1,4,54,28
15690,8525,9908,3,1,52,28
15541,8611,9908,3,1,39,28
15551,7788,9908,0,2,38,28
15657,8277,9908,1,3,71,28
15605,9791,9908,1,1,59,28
15637,8593,9908,2,2,30,28
15708,10218,9908,1,0,43,28
15448,8640,9908,3,1,28,28
15597,10228,9791,0,1,44,59
15447,6413,9791,1,1,58,59
15684,10217,9791,0,1,38,59
15476,10235,9791,3,0,31,59
15698,10229,9791,3,1,50,59
15665,8674,9791,2,1,54,59
15533,8525,9791,0,0,52,59
15497,8611,9791,4,0,39,59
15618,7788,9791,1,6,38,59
15633,8277,9791,1,1,71,59
15525,8593,9791,0,0,30,59
15624,10218,9791,1,3,43,59
15468,9908,9791,4,2,28,59
15563,8640,9791,2,0,28,59
15616,10228,8640,1,1,44,28
15662,6413,8640,1,3,58,28
15419,10217,8640,2,2,38,28
15503,10235,8640,0,2,31,28
15607,10229,8640,2,4,50,28
15581,8674,8640,0,3,54,28
15455,8525,8640,2,2,52,28
15428,8611,8640,1,3,39,28
15680,7788,8640,0,6,38,28
15473,8277,8640,0,1,71,28
15689,9791,8640,2,1,59,28
15710,8593,8640,1,2,30,28
15529,10218,8640,1,3,43,28
15550,9908,8640,0,2,28,28
15628,10228,10229,4,2,44,50
15485,6413,10229,2,1,58,50
15644,10217,10229,1,2,38,50
15433,10235,10229,3,1,31,50
15694,8674,10229,2,0,54,50
15588,8525,10229,0,2,52,50
15601,8611,10229,2,2,39,50
15713,7788,10229,1,1,38,50
15451,8277,10229,0,2,71,50
15552,9791,10229,3,6,59,50
15577,8593,10229,4,1,30,50
15519,10218,10229,2,2,43,50
15660,9908,10229,1,3,28,50
15469,8640,10229,3,0,28,50
15646,10228,8593,0,2,44,30
15466,6413,8593,0,2,58,30
15502,10217,8593,0,1,38,30
15450,10235,8593,1,1,31,30
15421,10229,8593,0,3,50,30
15556,8674,8593,1,2,54,30
15584,8525,8593,0,4,52,30
15679,8611,8593,2,2,39,30
15625,7788,8593,0,1,38,30
15431,8277,8593,1,3,71,30
15715,9791,8593,0,2,59,30
15692,10218,8593,0,2,43,30
15484,9908,8593,1,0,28,30
15604,8640,8593,0,2,28,30
15650,10228,8674,1,2,44,54
15535,6413,8674,1,3,58,54
15612,10217,8674,0,1,38,54
15634,10235,8674,1,1,31,54
15561,10229,8674,4,1,50,54
15524,8525,8674,1,1,52,54
15570,8611,8674,2,0,39,54
15449,7788,8674,2,2,38,54
15711,8277,8674,5,0,71,54
15490,9791,8674,2,1,59,54
15697,8593,8674,2,0,30,54
15591,10218,8674,2,1,43,54
15669,9908,8674,2,0,28,54
15520,8640,8674,2,0,28,54
15670,10228,6413,1,1,44,58
15560,10217,6413,0,2,38,58
15701,10235,6413,2,0,31,58
15635,10229,6413,5,1,50,58
15435,8674,6413,2,0,54,58
15707,8525,6413,0,1,52,58
15590,8611,6413,2,1,39,58
15571,7788,6413,1,0,38,58
15530,8277,6413,1,1,71,58
15546,9791,6413,2,0,59,58
15613,8593,6413,3,0,30,58
15655,10218,6413,2,2,43,58
15512,9908,6413,1,0,28,58
15491,8640,6413,3,2,28,58
15695,10228,8277,0,0,44,71
15721,6413,8277,1,5,58,71
15460,10217,8277,2,2,38,71
15622,10235,8277,2,0,31,71
15545,10229,8277,1,0,50,71
15602,8674,8277,0,3,54,71
15424,8525,8277,1,1,52,71
15667,8611,8277,2,2,39,71
15498,7788,8277,0,2,38,71
15487,9791,8277,1,1,59,71
15508,8593,8277,1,0,30,71
15437,10218,8277,0,3,43,71
15685,9908,8277,2,1,28,71
15642,8640,8277,2,0,28,71
15719,10228,10235,2,5,44,31
15557,6413,10235,3,1,58,31
15439,10217,10235,1,0,38,31
15511,10229,10235,4,2,50,31
15486,8674,10235,1,1,54,31
15652,8525,10235,0,1,52,31
15631,8611,10235,0,1,39,31
15521,7788,10235,0,2,38,31
15594,8277,10235,0,2,71,31
15649,9791,10235,2,2,59,31
15547,8593,10235,2,1,30,31
15463,10218,10235,2,4,43,31
15576,9908,10235,1,2,28,31
15676,8640,10235,3,1,28,31
15499,6413,10228,5,2,58,44
15666,10217,10228,1,1,38,44
15532,10235,10228,1,2,31,44
15452,10229,10228,3,1,50,44
15682,8674,10228,3,1,54,44
15426,8525,10228,2,2,52,44
15444,8611,10228,1,4,39,44
15539,7788,10228,0,1,38,44
15555,8277,10228,3,0,71,44
15704,9791,10228,2,0,59,44
15474,8593,10228,5,2,30,44
15640,10218,10228,1,1,43,44
15522,9908,10228,1,1,28,44
15589,8640,10228,1,1,28,44
17402,2182,8023,1,2,67,52
17578,8030,8023,1,1,58,52
17466,8025,8023,0,0,55,52
17424,1601,8023,0,2,50,52
17620,8245,8023,1,1,36,52
17522,8028,8023,0,0,39,52
17506,10265,8023,0,1,31,52
17482,8019,8023,2,3,54,52
17440,2186,8023,4,1,33,52
17456,8673,8023,1,0,64,52
17538,1957,8023,0,0,66,52
17604,8033,8023,2,3,49,52
17433,2182,1601,2,2,67,50
17590,8030,1601,2,0,58,50
17567,8025,1601,0,0,55,50
17583,8245,1601,1,2,36,50
17470,8028,1601,3,0,39,50
17446,10265,1601,0,0,31,50
17552,8023,1601,2,3,52,50
17461,8019,1601,0,3,54,50
17415,2186,1601,2,1,33,50
17537,8673,1601,2,0,64,50
17607,1957,1601,2,1,66,50
17486,8033,1601,1,1,49,50
17457,2182,8019,3,1,67,54
17611,8030,8019,3,1,58,54
17498,8025,8019,2,1,55,54
17405,1601,8019,0,2,50,54
17635,8245,8019,0,2,36,54
17621,8028,8019,3,0,39,54
17525,10265,8019,1,1,31,54
17594,8023,8019,0,0,52,54
17573,2186,8019,0,0,33,54
17476,8673,8019,2,1,64,54
17557,1957,8019,1,0,66,54
17541,8033,8019,2,0,49,54
17477,2182,10265,2,0,67,31
17499,8030,10265,2,0,58,31
17514,8025,10265,1,0,55,31
17574,1601,10265,2,3,50,31
17542,8245,10265,1,1,36,31
17419,8028,10265,1,0,39,31
17610,8023,10265,1,1,52,31
17629,8019,10265,1,0,54,31
17495,2186,10265,1,1,33,31
17600,8673,10265,1,1,64,31
17435,1957,10265,1,4,66,31
17634,8033,10265,0,6,49,31
17497,2182,8030,2,1,67,58
17595,8025,8030,0,0,55,58
17454,1601,8030,3,2,50,58
17523,8245,8030,4,2,36,58
17636,8028,8030,2,1,39,58
17603,10265,8030,3,3,31,58
17474,8023,8030,1,0,52,58
17507,8019,8030,3,1,54,58
17459,2186,8030,3,0,33,58
17571,8673,8030,1,1,64,58
17420,1957,8030,0,3,66,58
17619,8033,8030,1,1,49,58
17533,2182,1957,0,2,67,66
17548,8030,1957,5,1,58,66
17628,8025,1957,3,1,55,66
17503,1601,1957,0,4,50,66
17407,8245,1957,3,2,36,66
17586,8028,1957,2,0,39,66
17563,10265,1957,5,1,31,66
17410,8023,1957,2,1,52,66
17429,8019,1957,3,2,54,66
17615,2186,1957,1,1,33,66
17518,8673,1957,4,0,64,66
17447,8033,1957,1,1,49,66
17553,2182,2186,2,1,67,33
17403,8030,2186,0,1,58,33
17591,8025,2186,2,1,55,33
17543,1601,2186,2,3,50,33
17605,8245,2186,0,3,36,33
17487,8028,2186,2,2,39,33
17471,10265,2186,1,2,31,33
17568,8023,2186,2,2,52,33
17445,8019,2186,1,0,54,33
17432,8673,2186,3,1,64,33
17511,1957,2186,2,2,66,33
17582,8033,2186,0,1,49,33
17569,2182,8673,0,2,67,64
17443,8030,8673,1,3,58,64
17404,8025,8673,1,4,55,64
17641,1601,8673,1,4,50,64
17512,8245,8673,1,3,36,64
17606,8028,8673,2,1,39,64
17488,10265,8673,0,2,31,64
17592,8023,8673,0,0,52,64
17580,8019,8673,0,2,54,64
17560,2186,8673,1,2,33,64
17622,1957,8673,1,1,66,64
17472,8033,8673,2,2,49,64
17572,2182,8025,0,1,67,55
17483,8030,8025,1,0,58,55
17439,1601,8025,1,0,50,55
17556,8245,8025,2,2,36,55
17540,8028,8025,1,0,39,55
17618,10265,8025,4,2,31,55
17490,8023,8025,1,1,52,55
17602,8019,8025,2,3,54,55
17455,2186,8025,4,1,33,55
17460,8673,8025,1,0,64,55
17524,1957,8025,2,1,66,55
17508,8033,8025,0,1,49,55
17601,2182,8245,0,0,67,36
17627,8030,8245,0,0,58,36
17428,8025,8245,0,1,55,36
17479,1601,8245,2,1,50,36
17434,8028,8245,0,1,39,36
17414,10265,8245,0,0,31,36
17516,8023,8245,3,2,52,36
17531,8019,8245,3,2,54,36
17501,2186,8245,2,2,33,36
17616,8673,8245,1,2,64,36
17463,1957,8245,1,0,66,36
17546,8033,8245,1,1,49,36
17617,2182,8028,0,1,67,39
17532,8030,8028,3,1,58,39
17412,8025,8028,1,2,55,39
17494,1601,8028,2,0,50,39
17562,8245,8028,1,1,36,39
17547,10265,8028,1,1,31,39
17626,8023,8028,3,1,52,39
17517,8019,8028,0,0,54,39
17599,2186,8028,1,2,33,39
17502,8673,8028,1,1,64,39
17450,1957,8028,0,2,66,39
17431,8033,8028,2,2,49,39
17633,2182,8033,0,1,67,49
17515,8030,8033,5,0,58,49
17612,8025,8033,1,1,55,49
17598,1601,8033,1,1,50,49
17418,8245,8033,0,0,36,49
17559,8028,8033,3,2,39,49
17530,10265,8033,1,2,31,49
17500,8023,8033,2,0,52,49
17413,8019,8033,1,2,54,49
17478,2186,8033,4,1,33,49
17496,8673,8033,5,0,64,49
17575,1957,8033,0,3,66,49
17473,8030,2182,0,1,58,67
17444,8025,2182,1,1,55,67
17561,1601,2182,1,3,50,67
17489,8245,2182,0,1,36,67
17513,8028,2182,2,0,39,67
17581,10265,2182,2,0,31,67
17458,8023,2182,0,2,52,67
17593,8019,2182,0,1,54,67
17425,2186,2182,5,2,33,67
17441,8673,2182,0,1,64,67
17637,1957,2182,1,0,66,67
17529,8033,2182,4,1,49,67
19388,9807,7841,3,3,48,54
19435,9772,7841,3,1,54,54
19485,10264,7841,5,1,39,54
19652,6403,7841,0,3,52,54
19575,8348,7841,0,1,39,54
19594,10238,7841,2,2,52,54
19454,9773,7841,1,1,68,54
19600,158085,7841,0,0,46,54
19418,7844,7841,3,1,58,54
19401,10212,7841,3,2,55,54
19679,7842,7841,2,2,39,54
19530,10215,7841,0,2,60,54
19537,8613,7841,1,2,53,54
19510,9768,7841,0,0,55,54
19557,10214,7841,1,0,53,54
19416,9807,10238,0,3,48,52
19601,9772,10238,2,1,54,52
19619,10264,10238,3,2,39,52
19462,6403,10238,2,1,52,52
19680,8348,10238,0,2,39,52
19402,9773,10238,2,0,68,52
19553,158085,10238,1,0,46,52
19521,7844,10238,2,2,58,52
19643,10212,10238,5,2,55,52
19538,7842,10238,3,0,39,52
19487,10215,10238,0,4,60,52
19474,8613,10238,4,0,53,52
19626,9768,10238,5,0,55,52
19664,10214,10238,1,1,53,52
19504,7841,10238,2,1,54,52
19434,9807,8613,1,0,48,53
19399,9772,8613,2,0,54,53
19590,10264,8613,4,0,39,53
19506,6403,8613,0,1,52,53
19614,8348,8613,1,1,39,53
19393,10238,8613,2,2,52,53
19632,9773,8613,4,0,68,53
19415,158085,8613,3,2,46,53
19569,7844,8613,1,1,58,53
19551,10212,8613,0,3,55,53
19596,7842,8613,1,0,39,53
19649,10215,8613,0,2,60,53
19525,9768,8613,2,0,55,53
19682,10214,8613,0,0,53,53
19672,7841,8613,1,0,54,53
19452,9807,10214,2,2,48,53
19638,9772,10214,4,1,54,53
19390,10264,10214,2,1,39,53
19668,6403,10214,3,1,52,53
19438,8348,10214,2,0,39,53
19529,10238,10214,1,1,52,53
19599,9773,10214,4,0,68,53
19616,158085,10214,3,0,46,53
19400,7844,10214,0,1,58,53
19574,10212,10214,2,0,55,53
19417,7842,10214,1,1,39,53
19511,10215,10214,2,2,60,53
19547,8613,10214,0,1,53,53
19657,9768,10214,1,0,55,53
19692,7841,10214,1,0,54,53
19484,9807,7844,3,3,48,58
19618,9772,7844,1,0,54,58
19531,10264,7844,3,3,39,58
19687,6403,7844,0,1,52,58
19459,8348,7844,3,4,39,58
19656,10238,7844,2,2,52,58
19394,9773,7844,3,0,68,58
19636,158085,7844,2,2,46,58
19598,10212,7844,3,0,55,58
19437,7842,7844,0,1,39,58
19546,10215,7844,2,0,60,58
19407,8613,7844,1,2,53,58
19674,9768,7844,5,1,55,58
19562,10214,7844,3,2,53,58
19580,7841,7844,2,0,54,58
19512,9807,9772,0,5,48,54
19410,10264,9772,0,2,39,54
19524,6403,9772,1,3,52,54
19498,8348,9772,1,4,39,54
19430,10238,9772,2,4,52,54
19654,9773,9772,1,0,68,54
19488,158085,9772,1,0,46,54
19447,7844,9772,0,1,58,54
19624,10212,9772,0,2,55,54
19470,7842,9772,1,2,39,54
19582,10215,9772,1,2,60,54
19561,8613,9772,0,1,53,54
19543,9768,9772,0,1,55,54
19467,10214,9772,1,4,53,54
19606,7841,9772,0,1,54,54
19523,9807,158085,0,2,48,46
19479,9772,158085,3,1,54,46
19669,10264,158085,0,0,39,46
19589,6403,158085,1,1,52,46
19392,8348,158085,0,2,39,46
19688,10238,158085,0,0,52,46
19505,9773,158085,1,2,68,46
19465,7844,158085,2,2,58,46
19604,10212,158085,1,2,55,46
19622,7842,158085,1,1,39,46
19406,10215,158085,1,1,60,46
19577,8613,158085,0,0,53,46
19559,9768,158085,5,1,55,46
19445,10214,158085,2,2,53,46
19429,7841,158085,3,1,54,46
19535,9807,9773,1,2,48,68
19519,9772,9773,1,2,54,68
19548,10264,9773,3,1,39,68
19584,6403,9773,1,0,52,68
19663,8348,9773,2,2,39,68
19564,10238,9773,0,1,52,68
19640,158085,9773,1,3,46,68
19475,7844,9773,1,0,58,68
19491,10212,9773,1,1,55,68
19501,7842,9773,1,3,39,68
19610,10215,9773,1,2,60,68
19461,8613,9773,0,5,53,68
19450,9768,9773,2,0,55,68
19428,10214,9773,1,2,53,68
19625,7841,9773,1,3,54,68
19554,9807,10264,3,0,48,39
19572,9772,10264,5,1,54,39
19607,6403,10264,1,0,52,39
19421,8348,10264,0,0,39,39
19448,10238,10264,1,1,52,39
19683,9773,10264,0,0,68,39
19534,158085,10264,0,0,46,39
19666,7844,10264,0,1,58,39
19516,10212,10264,1,3,55,39
19648,7842,10264,1,0,39,39
19627,10215,10264,0,0,60,39
19500,8613,10264,0,0,53,39
19468,9768,10264,3,2,55,39
19471,10214,10264,2,3,53,39
19494,7841,10264,1,0,54,39
19571,9807,9768,2,5,48,55
19678,9772,9768,0,3,54,55
19639,10264,9768,0,4,39,55
19486,6403,9768,1,3,52,55
19603,8348,9768,0,1,39,55
19455,10238,9768,0,6,52,55
19621,9773,9768,1,3,68,55
19397,158085,9768,0,1,46,55
19539,7844,9768,0,0,58,55
19419,10212,9768,0,1,55,55
19556,7842,9768,1,2,39,55
19586,10215,9768,1,3,60,55
19660,8613,9768,0,0,53,55
19522,10214,9768,0,4,53,55
19645,7841,9768,1,2,54,55
19587,9807,10212,1,1,48,55
19453,9772,10212,6,0,54,55
19651,10264,10212,5,1,39,55
19549,6403,10212,2,2,52,55
19634,8348,10212,2,1,39,55
19508,10238,10212,1,1,52,55
19482,9773,10212,1,0,68,55
19433,158085,10212,4,1,46,55
19427,7844,10212,3,4,58,55
19620,7842,10212,2,1,39,55
19667,10215,10212,1,0,60,55
19686,8613,10212,0,1,53,55
19581,9768,10212,3,1,55,55
19412,10214,10212,3,1,53,55
19563,7841,10212,1,0,54,55
19595,9807,10215,1,1,48,60
19420,9772,10215,3,0,54,60
19456,10264,10215,3,0,39,60
19391,6403,10215,1,0,52,60
19550,8348,10215,2,2,39,60
19478,10238,10215,2,1,52,60
19439,9773,10215,3,1,68,60
19568,158085,10215,3,2,46,60
19681,7844,10215,1,1,58,60
19532,10212,10215,1,0,55,60
19403,7842,10215,1,1,39,60
19514,8613,10215,0,0,53,60
19496,9768,10215,3,2,55,60
19646,10214,10215,2,0,53,60
19665,7841,10215,1,0,54,60
19617,9807,6403,0,2,48,52
19659,9772,6403,3,0,54,52
19436,10264,6403,1,1,39,52
19405,8348,6403,2,0,39,52
19633,10238,6403,0,0,52,52
19422,9773,6403,2,1,68,52
19499,158085,6403,2,2,46,52
19552,7844,6403,0,1,58,52
19684,10212,6403,0,2,55,52
19573,7842,6403,1,0,39,52
19472,10215,6403,1,1,60,52
19641,8613,6403,0,1,53,52
19495,9768,6403,1,1,55,52
19533,10214,6403,3,0,53,52
19517,7841,6403,1,1,54,52
19637,9807,7842,2,1,48,39
19389,9772,7842,4,0,54,39
19513,10264,7842,2,0,39,39
19411,6403,7842,2,0,52,39
19481,8348,7842,1,3,39,39
19673,10238,7842,1,0,52,39
19591,9773,7842,2,0,68,39
19451,158085,7842,1,0,46,39
19608,7844,7842,1,1,58,39
19449,10212,7842,1,1,55,39
19565,10215,7842,0,3,60,39
19425,8613,7842,1,1,53,39
19691,9768,7842,1,0,55,39
19579,10214,7842,4,1,53,39
19544,7841,7842,1,3,54,39
19650,9807,8348,2,0,48,39
19588,9772,8348,3,2,54,39
19583,10264,8348,1,1,39,39
19567,6403,8348,0,0,52,39
19545,10238,8348,0,1,52,39
19528,9773,8348,3,2,68,39
19473,158085,8348,1,2,46,39
19630,7844,8348,4,1,58,39
19463,10212,8348,5,1,55,39
19490,7842,8348,2,0,39,39
19685,10215,8348,1,1,60,39
19443,8613,8348,0,3,53,39
19432,9768,8348,3,1,55,39
19609,10214,8348,0,1,53,39
19413,7841,8348,0,1,54,39
19647,9772,9807,6,0,54,48
19689,10264,9807,4,0,39,48
19446,6403,9807,2,2,52,48
19515,8348,9807,2,3,39,48
19578,10238,9807,0,1,52,48
19670,9773,9807,4,0,68,48
19658,158085,9807,2,2,46,48
19493,7844,9807,1,1,58,48
19497,10212,9807,1,2,55,48
19466,7842,9807,2,0,39,48
19424,10215,9807,4,3,60,48
19605,8613,9807,1,0,53,48
19409,9768,9807,1,0,55,48
19623,10214,9807,2,2,53,48
19469,7841,9807,1,2,54,48
21290,9925,8649,2,0,62,58
21398,9925,8649,2,0,62,58
21456,9925,8649,1,1,62,58
21315,9938,8649,1,0,45,58
21346,8429,8649,1,3,71,58
21376,8066,8649,2,0,69,58
21420,8597,8649,0,2,47,58
21492,8597,8649,0,4,47,58
21332,8485,8649,3,1,63,58
21479,8485,8649,0,4,63,58
21442,8284,8649,5,2,65,58
21513,8284,8649,3,3,65,58
21354,8426,8649,1,0,60,58
21388,9927,8649,1,2,27,58
21503,9927,8649,1,1,27,58
21427,8467,8649,1,1,40,58
21433,8467,8649,1,1,40,58
21309,9925,9938,5,0,62,45
21400,8429,9938,0,0,71,45
21484,8429,9938,4,0,71,45
21352,8066,9938,2,2,69,45
21464,8066,9938,2,3,69,45
21341,8597,9938,1,1,47,45
21477,8597,9938,2,4,47,45
21320,8485,9938,2,0,63,45
21375,8284,9938,2,1,65,45
21463,8284,9938,2,1,65,45
21300,8426,9938,3,0,60,45
21395,8426,9938,1,0,60,45
21415,8649,9938,0,3,58,45
21499,8649,9938,2,1,58,45
21358,9927,9938,0,2,27,45
21431,9927,9938,2,1,27,45
21445,8467,9938,0,1,40,45
21517,8467,9938,2,1,40,45
21314,9925,8485,3,1,62,63
21469,9925,8485,3,2,62,63
21291,9938,8485,0,1,45,63
21417,9938,8485,0,1,45,63
21328,8429,8485,1,1,71,63
21402,8066,8485,3,1,69,63
21514,8066,8485,2,1,69,63
21353,8597,8485,0,4,47,63
21339,8284,8485,0,2,65,63
21407,8426,8485,1,2,60,63
21498,8426,8485,0,2,60,63
21306,8649,8485,2,0,58,63
21384,8649,8485,2,3,58,63
21438,9927,8485,2,1,27,63
21485,9927,8485,1,2,27,63
21379,8467,8485,3,4,40,63
21452,8467,8485,3,0,40,63
21326,9925,8597,0,0,62,47
21391,9938,8597,5,1,45,47
21501,9938,8597,1,2,45,47
21364,8429,8597,0,1,71,47
21460,8429,8597,0,4,71,47
21347,8066,8597,2,1,69,47
21455,8066,8597,3,1,69,47
21356,8485,8597,2,0,63,47
21428,8485,8597,2,1,63,47
21310,8284,8597,1,2,65,47
21472,8284,8597,1,1,65,47
21444,8426,8597,0,0,60,47
21486,8426,8597,2,2,60,47
21373,8649,8597,3,2,58,47
21403,9927,8597,0,2,27,47
21497,9927,8597,1,0,27,47
21325,8467,8597,2,1,40,47
21338,9925,8429,8,1,62,71
21333,9938,8429,1,2,45,71
21457,9938,8429,1,3,45,71
21430,8066,8429,0,1,69,71
21491,8066,8429,0,2,69,71
21394,8597,8429,0,1,47,71
21515,8597,8429,1,2,47,71
21422,8485,8429,1,0,63,71
21440,8485,8429,3,0,63,71
21351,8284,8429,4,0,65,71
21465,8284,8429,0,1,65,71
21313,8426,8429,1,1,60,71
21478,8426,8429,2,2,60,71
21360,8649,8429,2,0,58,71
21408,8649,8429,2,1,58,71
21378,9927,8429,3,3,27,71
21385,8467,8429,0,0,40,71
21505,8467,8429,4,1,40,71
21350,9925,9927,1,2,62,27
21480,9925,9927,7,0,62,27
21363,9938,9927,0,3,45,27
21418,8429,9927,0,1,71,27
21508,8429,9927,1,0,71,27
21294,8066,9927,0,1,69,27
21443,8066,9927,1,2,69,27
21318,8597,9927,0,1,47,27
21308,8485,9927,1,1,63,27
21459,8485,9927,4,1,63,27
21297,8284,9927,2,1,65,27
21393,8284,9927,2,2,65,27
21342,8426,9927,1,0,60,27
21331,8649,9927,3,0,58,27
21474,8649,9927,1,3,58,27
21409,8467,9927,2,1,40,27
21493,8467,9927,2,1,40,27
21374,9925,8426,1,0,62,60
21345,9938,8426,0,1,45,60
21470,9938,8426,3,3,45,60
21292,8429,8426,0,0,71,60
21435,8429,8426,1,2,71,60
21387,8066,8426,0,0,69,60
21425,8066,8426,0,0,69,60
21335,8597,8426,2,5,47,60
21467,8597,8426,0,2,47,60
21368,8485,8426,0,0,63,60
21321,8284,8426,1,1,65,60
21451,8649,8426,1,0,58,60
21511,8649,8426,1,0,58,60
21414,9927,8426,3,1,27,60
21516,9927,8426,2,1,27,60
21307,8467,8426,1,2,40,60
21421,8467,8426,1,2,40,60
21390,9925,8467,3,1,62,40
21494,9925,8467,3,1,62,40
21327,9938,8467,1,2,45,40
21316,8429,8467,2,4,71,40
21312,8066,8467,0,1,69,40
21449,8597,8467,3,0,47,40
21510,8597,8467,2,1,47,40
21296,8485,8467,1,5,63,40
21410,8485,8467,1,1,63,40
21399,8284,8467,2,0,65,40
21483,8284,8467,2,1,65,40
21366,8426,8467,2,0,60,40
21343,8649,8467,2,3,58,40
21462,8649,8467,0,1,58,40
21372,9927,8467,2,0,27,40
21468,9927,8467,1,2,27,40
21404,9925,8066,3,0,62,69
21482,9925,8066,4,2,62,69
21446,9938,8066,0,2,45,69
21507,9938,8066,1,1,45,69
21370,8429,8066,3,4,71,69
21473,8429,8066,0,1,71,69
21304,8597,8066,2,0,47,69
21382,8597,8066,2,1,47,69
21362,8485,8066,2,2,63,69
21411,8284,8066,1,1,65,69
21495,8284,8066,1,1,65,69
21330,8426,8066,2,1,60,69
21461,8426,8066,1,4,60,69
21301,8649,8066,1,2,58,69
21439,8649,8066,0,3,58,69
21323,9927,8066,1,3,27,69
21361,8467,8066,1,1,40,69
21397,8467,8066,1,0,40,69
21416,9925,8284,0,0,62,65
21506,9925,8284,6,0,62,65
21423,9938,8284,2,2,45,65
21434,9938,8284,2,2,45,65
21303,8429,8284,1,1,71,65
21447,8429,8284,2,1,71,65
21317,8066,8284,1,1,69,65
21476,8066,8284,4,0,69,65
21295,8597,8284,0,4,47,65
21406,8597,8284,0,0,47,65
21389,8485,8284,1,0,63,65
21488,8485,8284,2,0,63,65
21383,8426,8284,2,4,60,65
21454,8426,8284,1,2,60,65
21504,8426,8284,0,1,60,65
21367,8649,8284,5,2,58,65
21348,9927,8284,3,1,27,65
21337,8467,8284,1,1,40,65
21380,9938,9925,1,4,45,62
21489,9938,9925,1,3,45,62
21298,8429,9925,1,2,71,62
21412,8429,9925,1,1,71,62
21334,8066,9925,1,3,69,62
21426,8597,9925,2,2,47,62
21437,8597,9925,0,1,47,62
21392,8485,9925,2,1,63,62
21500,8485,9925,2,1,63,62
21369,8284,9925,0,0,65,62
21359,8426,9925,0,2,60,62
21432,8426,9925,1,2,60,62
21324,8649,9925,1,4,58,62
21305,9927,9925,0,1,27,62
21450,9927,9925,1,2,27,62
21349,8467,9925,0,3,40,62
21471,8467,9925,2,1,40,62
24178,8581,9910,1,2,65,50
24496,9906,9910,2,0,49,50
24276,9864,9910,2,0,50,50
24475,8315,9910,2,1,36,50
24255,7878,9910,0,2,51,50
24454,8558,9910,1,1,40,50
24234,8603,9910,1,1,53,50
24433,9869,9910,0,1,38,50
24213,9783,9910,2,0,55,50
24308,8370,9910,3,0,47,50
24520,8372,9910,1,1,52,50
24360,8305,9910,0,1,49,50
24541,10205,9910,1,2,55,50
24381,8633,9910,7,1,63,50
24192,8560,9910,2,3,52,50
24412,10267,9910,0,2,58,50
24339,8634,9910,6,1,56,50
24499,8302,9910,1,2,60,50
24318,8306,9910,2,1,53,50
24203,8581,9783,1,1,65,55
24394,9906,9783,3,0,49,55
24554,9864,9783,2,0,50,55
24375,8315,9783,4,1,36,55
24535,7878,9783,1,1,51,55
24356,8558,9783,1,0,40,55
24516,8603,9783,1,2,53,55
24337,9869,9783,1,1,38,55
24407,8370,9783,1,3,47,55
24461,8372,9783,1,1,52,55
24260,8305,9783,0,0,49,55
24480,10205,9783,0,2,55,55
24279,8633,9783,5,0,63,55
24306,8560,9783,1,1,52,55
24297,10267,9783,1,1,58,55
24241,8634,9783,2,2,56,55
24442,8302,9783,1,1,60,55
24222,8306,9783,0,2,53,55
24423,9910,9783,1,1,50,55
24224,8581,8603,0,1,65,53
24425,9906,8603,5,1,49,53
24205,9864,8603,0,1,50,53
24396,8315,8603,3,1,36,53
24556,7878,8603,1,1,51,53
24377,8558,8603,0,3,40,53
24527,9869,8603,1,2,38,53
24346,9783,8603,2,2,55,53
24537,8370,8603,0,2,47,53
24482,8372,8603,1,1,52,53
24281,8305,8603,1,0,49,53
24304,10205,8603,0,0,55,53
24295,8633,8603,5,0,63,53
24325,8560,8603,2,1,52,53
24506,10267,8603,0,0,58,53
24262,8634,8603,4,0,56,53
24463,8302,8603,2,0,60,53
24243,8306,8603,1,0,53,53
24444,9910,8603,1,1,50,53
24245,8581,7878,1,2,65,51
24446,9906,7878,3,0,49,51
24226,9864,7878,2,2,50,51
24427,8315,7878,1,1,36,51
24197,8558,7878,1,1,40,51
24386,8603,7878,2,0,53,51
24546,9869,7878,3,3,38,51
24365,9783,7878,0,1,55,51
24207,8370,7878,2,1,47,51
24302,8372,7878,5,1,52,51
24293,8305,7878,1,2,49,51
24323,10205,7878,1,0,55,51
24504,8633,7878,1,0,63,51
24344,8560,7878,3,0,52,51
24525,10267,7878,1,0,58,51
24283,8634,7878,4,0,56,51
24484,8302,7878,1,4,60,51
24264,8306,7878,4,1,53,51
24465,9910,7878,2,1,50,51
24266,8581,9864,0,1,65,50
24467,9906,9864,1,0,49,50
24237,8315,9864,0,0,36,50
24436,7878,9864,0,0,51,50
24216,8558,9864,2,0,40,50
24415,8603,9864,0,1,53,50
24195,9869,9864,1,0,38,50
24384,9783,9864,3,3,55,50
24247,8370,9864,1,2,47,50
24321,8372,9864,1,2,52,50
24502,8305,9864,1,0,49,50
24342,10205,9864,1,0,55,50
24523,8633,9864,0,0,63,50
24363,8560,9864,1,1,52,50
24544,10267,9864,3,0,58,50
24291,8634,9864,1,0,56,50
24300,8302,9864,2,1,60,50
24285,8306,9864,1,1,53,50
24486,9910,9864,1,0,50,50
24287,8581,8370,2,1,65,47
24477,9906,8370,1,0,49,47
24457,9864,8370,1,1,50,47
24437,8315,8370,1,0,36,47
24417,7878,8370,2,2,51,47
24387,8558,8370,2,1,40,47
24367,8603,8370,2,2,53,47
24347,9869,8370,2,2,38,47
24327,9783,8370,2,2,55,47
24188,8372,8370,1,0,52,47
24208,8305,8370,1,1,49,47
24228,10205,8370,2,1,55,47
24248,8633,8370,10,2,63,47
24478,8560,8370,2,1,52,47
24307,10267,8370,2,2,58,47
24538,8634,8370,5,2,56,47
24518,8302,8370,3,2,60,47
24498,8306,8370,0,1,53,47
24288,9910,8370,3,0,50,47
24309,8581,8306,3,2,65,53
24179,9906,8306,1,0,49,53
24495,9864,8306,4,1,50,53
24275,8315,8306,2,2,36,53
24474,7878,8306,3,2,51,53
24254,8558,8306,1,0,40,53
24453,8603,8306,1,0,53,53
24233,9869,8306,3,1,38,53
24432,9783,8306,1,3,55,53
24328,8370,8306,2,0,47,53
24359,8372,8306,0,1,52,53
24540,8305,8306,4,0,49,53
24380,10205,8306,0,1,55,53
24191,8633,8306,3,1,63,53
24411,8560,8306,0,1,52,53
24212,10267,8306,1,1,58,53
24519,8634,8306,2,1,56,53
24338,8302,8306,2,0,60,53
24398,9910,8306,3,3,50,53
24330,8581,8634,0,2,65,56
24400,9906,8634,1,2,49,56
24311,9864,8634,1,2,50,56
24181,8315,8634,0,1,36,56
24493,7878,8634,0,3,51,56
24273,8558,8634,0,0,40,56
24472,8603,8634,0,2,53,56
24252,9869,8634,1,3,38,56
24451,9783,8634,0,8,55,56
24368,8370,8634,1,5,47,56
24378,8372,8634,0,4,52,56
24189,8305,8634,0,2,49,56
24409,10205,8634,2,2,55,56
24210,8633,8634,0,4,63,56
24430,8560,8634,1,0,52,56
24231,10267,8634,1,1,58,56
24528,8302,8634,2,1,60,56
24349,8306,8634,1,2,53,56
24509,9910,8634,4,1,50,56
24351,8581,8305,3,0,65,49
24511,9906,8305,2,0,49,49
24332,9864,8305,3,0,50,49
24402,8315,8305,3,1,36,49
24313,7878,8305,3,2,51,49
24183,8558,8305,1,0,40,49
24491,8603,8305,2,1,53,49
24271,9869,8305,1,2,38,49
24470,9783,8305,0,2,55,49
24418,8370,8305,2,0,47,49
24198,8372,8305,3,1,52,49
24428,10205,8305,2,0,55,49
24229,8633,8305,4,1,63,49
24449,8560,8305,1,2,52,49
24250,10267,8305,2,2,58,49
24389,8634,8305,6,0,56,49
24549,8302,8305,5,0,60,49
24370,8306,8305,4,0,53,49
24530,9910,8305,0,0,50,49
24372,8581,8633,1,3,65,63
24532,9906,8633,1,1,49,63
24353,9864,8633,1,1,50,63
24513,8315,8633,1,2,36,63
24334,7878,8633,1,2,51,63
24404,8558,8633,0,6,40,63
24315,8603,8633,1,1,53,63
24185,9869,8633,0,0,38,63
24489,9783,8633,0,2,55,63
24458,8370,8633,2,3,47,63
24219,8372,8633,0,2,52,63
24439,8305,8633,1,5,49,63
24238,10205,8633,1,0,55,63
24468,8560,8633,0,1,52,63
24269,10267,8633,2,2,58,63
24420,8634,8633,1,2,56,63
24200,8302,8633,3,2,60,63
24391,8306,8633,1,2,53,63
24551,9910,8633,1,3,50,63
24393,8581,10267,1,0,65,58
24553,9906,10267,2,1,49,58
24374,9864,10267,1,2,50,58
24534,8315,10267,3,1,36,58
24355,7878,10267,1,2,51,58
24515,8558,10267,1,0,40,58
24336,8603,10267,1,0,53,58
24406,9869,10267,0,1,38,58
24317,9783,10267,1,1,55,58
24187,8370,10267,0,0,47,58
24240,8372,10267,1,1,52,58
24460,8305,10267,2,2,49,58
24259,10205,10267,1,0,55,58
24479,8633,10267,3,2,63,58
24278,8560,10267,2,0,52,58
24441,8634,10267,1,2,56,58
24221,8302,10267,1,0,60,58
24422,8306,10267,2,1,53,58
24202,9910,10267,1,5,50,58
24399,8581,8302,1,1,65,60
24310,9906,8302,0,0,49,60
24180,9864,8302,0,0,50,60
24494,8315,8302,3,1,36,60
24274,7878,8302,2,1,51,60
24473,8558,8302,1,0,40,60
24253,8603,8302,0,0,53,60
24452,9869,8302,2,1,38,60
24232,9783,8302,1,1,55,60
24348,8370,8302,2,2,47,60
24539,8372,8302,1,1,52,60
24379,8305,8302,1,1,49,60
24190,10205,8302,2,1,55,60
24410,8633,8302,4,0,63,60
24211,8560,8302,2,0,52,60
24431,10267,8302,2,1,58,60
24358,8634,8302,2,1,56,60
24508,8306,8302,2,0,53,60
24329,9910,8302,1,1,50,60
24424,8581,9869,0,0,65,38
24204,9906,9869,1,0,49,38
24395,9864,9869,1,0,50,38
24555,8315,9869,3,0,36,38
24376,7878,9869,2,0,51,38
24536,8558,9869,1,2,40,38
24357,8603,9869,1,1,53,38
24507,9783,9869,2,3,55,38
24517,8370,9869,2,1,47,38
24261,8372,9869,2,0,52,38
24481,8305,9869,1,1,49,38
24280,10205,9869,2,0,55,38
24305,8633,9869,5,1,63,38
24296,8560,9869,0,0,52,38
24326,10267,9869,0,1,58,38
24462,8634,9869,6,0,56,38
24242,8302,9869,2,0,60,38
24443,8306,9869,1,1,53,38
24223,9910,9869,2,1,50,38
24445,8581,8558,2,1,65,40
24225,9906,8558,1,0,49,40
24426,9864,8558,1,1,50,40
24206,8315,8558,2,1,36,40
24397,7878,8558,1,1,51,40
24547,8603,8558,1,3,53,40
24366,9869,8558,2,4,38,40
24526,9783,8558,3,0,55,40
24557,8370,8558,3,0,47,40
24282,8372,8558,2,1,52,40
24303,8305,8558,3,1,49,40
24294,10205,8558,3,1,55,40
24324,8633,8558,6,0,63,40
24505,8560,8558,2,3,52,40
24345,10267,8558,2,1,58,40
24483,8634,8558,5,0,56,40
24263,8302,8558,2,0,60,40
24464,8306,8558,4,0,53,40
24244,9910,8558,1,0,50,40
24466,8581,8315,2,2,65,36
24246,9906,8315,2,1,49,36
24447,9864,8315,0,1,50,36
24217,7878,8315,2,0,51,36
24416,8558,8315,2,1,40,36
24196,8603,8315,1,3,53,36
24385,9869,8315,0,2,38,36
24545,9783,8315,2,2,55,36
24227,8370,8315,0,3,47,36
24292,8372,8315,2,0,52,36
24322,8305,8315,0,1,49,36
24503,10205,8315,3,1,55,36
24343,8633,8315,4,2,63,36
24524,8560,8315,0,0,52,36
24364,10267,8315,0,3,58,36
24301,8634,8315,6,0,56,36
24284,8302,8315,2,0,60,36
24485,8306,8315,0,0,53,36
24265,9910,8315,0,1,50,36
24487,8581,9906,2,1,65,49
24257,9864,9906,1,0,50,49
24456,8315,9906,0,1,36,49
24236,7878,9906,0,2,51,49
24435,8558,9906,1,3,40,49
24215,8603,9906,0,1,53,49
24414,9869,9906,2,1,38,49
24194,9783,9906,1,1,55,49
24267,8370,9906,0,2,47,49
24501,8372,9906,0,2,52,49
24341,8305,9906,0,1,49,49
24522,10205,9906,1,0,55,49
24362,8633,9906,0,1,63,49
24543,8560,9906,0,2,52,49
24383,10267,9906,1,3,58,49
24320,8634,9906,2,1,56,49
24290,8302,9906,0,3,60,49
24299,8306,9906,0,3,53,49
24286,9910,9906,0,2,50,49
24510,8581,8372,2,2,65,52
24331,9906,8372,3,1,49,52
24401,9864,8372,0,0,50,52
24312,8315,8372,5,2,36,52
24182,7878,8372,1,3,51,52
24492,8558,8372,4,2,40,52
24272,8603,8372,0,4,53,52
24471,9869,8372,2,0,38,52
24251,9783,8372,2,0,55,52
24388,8370,8372,1,1,47,52
24408,8305,8372,1,1,49,52
24209,10205,8372,1,1,55,52
24429,8633,8372,4,0,63,52
24230,8560,8372,2,1,52,52
24450,10267,8372,4,0,58,52
24548,8634,8372,3,1,56,52
24369,8302,8372,1,0,60,52
24529,8306,8372,0,2,53,52
24350,9910,8372,3,2,50,52
24531,8581,10205,1,0,65,55
24352,9906,10205,0,0,49,55
24512,9864,10205,0,1,50,55
24333,8315,10205,0,0,36,55
24403,7878,10205,1,3,51,55
24314,8558,10205,2,2,40,55
24184,8603,10205,1,1,53,55
24490,9869,10205,2,0,38,55
24270,9783,10205,1,2,55,55
24438,8370,10205,2,1,47,55
24419,8372,10205,1,2,52,55
24218,8305,10205,2,0,49,55
24448,8633,10205,3,0,63,55
24249,8560,10205,0,2,52,55
24469,10267,10205,0,2,58,55
24199,8634,10205,3,0,56,55
24390,8302,10205,4,2,60,55
24550,8306,10205,0,0,53,55
24371,9910,10205,0,0,50,55
24552,8581,8560,0,4,65,52
24373,9906,8560,3,0,49,52
24533,9864,8560,3,1,50,52
24354,8315,8560,0,1,36,52
24514,7878,8560,0,3,51,52
24335,8558,8560,0,5,40,52
24405,8603,8560,1,0,53,52
24316,9869,8560,5,1,38,52
24186,9783,8560,0,0,55,52
24268,8370,8560,2,2,47,52
24440,8372,8560,2,1,52,52
24239,8305,8560,1,1,49,52
24459,10205,8560,0,0,55,52
24258,8633,8560,3,1,63,52
24488,10267,8560,0,1,58,52
24220,8634,8560,4,0,56,52
24421,8302,8560,1,2,60,52
24201,8306,8560,2,0,53,52
24392,9910,8560,1,0,50,52
24277,9906,8581,1,0,49,65
24476,9864,8581,3,1,50,65
24256,8315,8581,2,0,36,65
24455,7878,8581,5,1,51,65
24235,8558,8581,1,1,40,65
24434,8603,8581,1,0,53,65
24214,9869,8581,0,3,38,65
24413,9783,8581,2,1,55,65
24497,8370,8581,3,1,47,65
24340,8372,8581,2,0,52,65
24521,8305,8581,3,0,49,65
24361,10205,8581,3,0,55,65
24542,8633,8581,3,0,63,65
24382,8560,8581,1,1,52,65
24193,10267,8581,3,0,58,65
24500,8634,8581,4,1,56,65
24319,8302,8581,3,1,60,65
24289,8306,8581,0,0,53,65
24298,9910,8581,4,3,50,65
25800,10199,10179,2,2,66,53
25947,10199,10179,2,2,66,53
25910,9931,10179,3,0,54,53
25920,9931,10179,2,1,54,53
25939,10191,10179,1,1,66,53
25967,10191,10179,0,2,66,53
25811,10190,10179,1,1,37,53
25907,10190,10179,2,1,37,53
25849,10243,10179,1,0,54,53
25854,10243,10179,0,1,54,53
25866,9956,10179,3,0,46,53
25977,9956,10179,2,0,46,53
25932,9824,10179,2,0,46,53
25953,9824,10179,1,1,46,53
25838,10192,10179,1,1,46,53
25884,10192,10179,3,2,46,53
25807,10199,10243,1,0,66,54
25861,10199,10243,1,2,66,54
25895,9931,10243,2,2,54,54
25968,9931,10243,3,1,54,54
25818,10191,10243,5,1,66,54
25924,10191,10243,4,0,66,54
25938,10190,10243,3,0,37,54
25952,10190,10243,0,2,37,54
25841,9956,10243,5,0,46,54
25881,9956,10243,4,2,46,54
25941,10179,10243,2,2,53,54
25958,10179,10243,3,1,53,54
25859,9824,10243,2,2,46,54
25889,9824,10243,0,3,46,54
25829,10192,10243,1,1,46,54
25919,10192,10243,3,0,46,54
25821,10199,9824,1,1,66,46
25892,10199,9824,5,1,66,46
25801,9931,9824,2,0,54,46
25865,9931,9824,5,1,54,46
25908,10191,9824,2,2,66,46
25963,10191,9824,1,0,66,46
25847,10190,9824,2,2,37,46
25923,10190,9824,1,3,37,46
25834,10243,9824,1,1,54,46
25949,10243,9824,3,1,54,46
25835,9956,9824,2,0,46,46
25935,9956,9824,1,2,46,46
25808,10179,9824,0,1,53,46
25876,10179,9824,2,0,53,46
25903,10192,9824,5,4,46,46
25971,10192,9824,4,0,46,46
25836,10199,10191,1,0,66,66
25916,10199,10191,3,0,66,66
25930,9931,10191,1,1,54,66
25955,9931,10191,3,1,54,66
25852,10190,10191,1,2,37,66
25975,10190,10191,1,0,37,66
25879,10243,10191,0,0,54,66
25973,10243,10191,3,3,54,66
25825,9956,10191,1,2,46,66
25940,9956,10191,0,0,46,66
25842,10179,10191,1,2,53,66
25897,10179,10191,2,1,53,66
25812,9824,10191,1,1,46,66
25883,9824,10191,0,0,46,66
25869,10192,10191,2,1,46,66
25954,10192,10191,3,1,46,66
25846,10199,10192,3,1,66,46
25906,10199,10192,2,3,66,46
25820,9931,10192,1,0,54,46
25890,9931,10192,2,0,54,46
25809,10191,10192,0,1,66,46
25948,10191,10192,0,3,66,46
25887,10190,10192,2,3,37,46
25911,10190,10192,1,1,37,46
25804,10243,10192,1,1,54,46
25874,10243,10192,0,1,54,46
25921,9956,10192,1,2,46,46
25969,9956,10192,3,2,46,46
25926,10179,10192,2,1,53,46
25961,10179,10192,1,3,53,46
25819,9824,10192,1,1,46,46
25864,9824,10192,1,1,46,46
25868,10199,10190,0,1,66,37
25957,10199,10190,0,1,66,37
25880,9931,10190,4,2,54,37
25970,9931,10190,2,1,54,37
25833,10191,10190,0,2,66,37
25927,10191,10190,2,2,66,37
25824,10243,10190,2,2,54,37
25894,10243,10190,4,0,54,37
25806,9956,10190,1,1,46,37
25915,9956,10190,2,0,46,37
25858,10179,10190,1,0,53,37
25862,10179,10190,1,1,53,37
25898,9824,10190,3,0,46,37
25966,9824,10190,1,0,46,37
25844,10192,10190,2,1,46,37
25933,10192,10190,3,1,46,37
25931,10199,9956,3,0,66,46
25972,10199,9956,3,3,66,46
25830,9931,9956,2,3,54,46
25945,9931,9956,0,1,54,46
25802,10191,9956,3,5,66,46
25893,10191,9956,2,1,66,46
25877,10190,9956,2,0,37,46
25962,10190,9956,0,2,37,46
25909,10243,9956,1,1,54,46
25914,10243,9956,2,3,54,46
25822,10179,9956,3,2,53,46
25901,10179,9956,2,1,53,46
25873,9824,9956,1,1,46,46
25959,9824,9956,3,3,46,46
25813,10192,9956,3,1,46,46
25853,10192,9956,1,1,46,46
25937,10199,9931,4,0,66,54
25951,10199,9931,1,3,66,54
25848,10191,9931,0,2,66,54
25872,10191,9931,1,1,66,54
25837,10190,9931,2,1,37,54
25902,10190,9931,0,7,37,54
25814,10243,9931,2,2,54,54
25929,10243,9931,2,3,54,54
25856,9956,9931,2,3,46,54
25860,9956,9931,0,4,46,54
25817,10179,9931,0,2,53,54
25886,10179,9931,0,1,53,54
25828,9824,9931,1,2,46,54
25918,9824,9931,0,0,46,54
25943,10192,9931,2,3,46,54
25979,10192,9931,4,3,46,54
25840,9931,10199,3,0,54,66
25850,9931,10199,3,0,54,66
25888,10191,10199,1,1,66,66
25913,10191,10199,0,1,66,66
25827,10190,10199,1,0,37,66
25944,10190,10199,1,4,37,66
25904,10243,10199,0,1,54,66
25964,10243,10199,2,5,54,66
25815,9956,10199,1,0,46,66
25896,9956,10199,1,1,46,66
25832,10179,10199,2,0,53,66
25870,10179,10199,3,1,53,66
25928,9824,10199,1,2,46,66
25976,9824,10199,1,2,46,66
25855,10192,10199,1,1,46,66
25878,10192,10199,5,2,46,66
